series,k,d
ff2,1,0.4999999999
ff2,2,0.2928932187
ff2,3,0.2928932188
ff2,4,0.2928932185
ff2,5,0.2928932187
ff2,6,0.2196699140
ff2,7,0.2196699139
ff2,8,0.2196699138
ff2,9,0.2196699134
ff2,10,0.1715728752
ff2,11,0.1715728750
ff2,12,0.1715728749
ff2,13,0.1715728751
ff2,14,0.1553300857
ff2,15,0.1553300853
ff2,16,0.1553300857
ff2,17,0.1542172924
ff2,18,0.1542172917
ff2,19,0.1542172915
ff2,20,0.1542172917
ff2,21,0.1542172922
ff2,22,0.1542172915
ff2,23,0.1542172923
ff2,24,0.1542119611
ff2,25,0.1496092916
ff2,26,0.1414617673
ff2,27,0.1283694431
ff2,28,0.1206105132
ff2,29,0.1204628430
ff2,30,0.1126230131
ff2,31,0.1126203351
ff2,32,0.1125876695
ff2,33,0.1125675289
ff2,34,0.1121331770
ff2,35,0.1103178799
ff2,36,0.1091034986
ff2,37,0.1091034989
ff2,38,0.1091034984
ff2,39,0.1091034986
ff2,40,0.1091034978
ff2,41,0.1091034987
ff2,42,0.1091034964
ff2,43,0.1090961314
ff2,44,0.1090541191
ff2,45,0.1090480902
ff2,46,0.1090475818
ff2,47,0.1012886608
ff2,48,0.1008153600
ff2,49,0.1005050629
ff2,50,0.1005050628
ff2,51,0.1005050633
ff2,52,0.1005050578
ff2,53,0.0971835335
ff2,54,0.0971780304
ff2,55,0.0971107466
ff2,56,0.0970691064
ff2,57,0.0947284326
ff2,58,0.0947257010
ff2,59,0.0946694687
ff2,60,0.0947257014
ff2,61,0.0932991214
ff2,62,0.0932972721
ff2,63,0.0932947964
ff2,64,0.0932837884
ff2,65,0.0932216809
ff2,66,0.0920379245
ff2,67,0.0901200219
ff2,68,0.0875213278
ff2,69,0.0861553339
ff2,70,0.0849753521
ff2,71,0.0848734991
ff2,72,0.0846654109
ff2,73,0.0846282228
ff2,74,0.0845698771
ff2,75,0.0832274216
ff2,76,0.0832274213
ff2,77,0.0832274252
ff2,78,0.0832274160
ff2,79,0.0832274197
ff2,80,0.0832243098
ff2,81,0.0832210604
ff2,82,0.0832274143
ff2,83,0.0813989987
ff2,84,0.0806120637
ff2,85,0.0802622105
ff2,86,0.0800865947
ff2,87,0.0802511527
ff2,88,0.0802942750
ff2,89,0.0789430297
ff2,90,0.0792805121
ff2,91,0.0792804813
ff2,92,0.0781842521
ff2,93,0.0792804857
ff2,94,0.0779210239
ff2,95,0.0781755974
ff2,96,0.0772179571
ff2,97,0.0771149615
ff2,98,0.0772426014
ff2,99,0.0771954301
ff2,100,0.0769598381
ff2,101,0.0745464855
ff2,102,0.0746510859
ff2,103,0.0743180666
ff2,104,0.0733714743
ff2,105,0.0729466755
ff2,106,0.0726992740
ff2,107,0.0726359306
ff2,108,0.0710755251
ff2,109,0.0710568794
ff2,110,0.0707710189
ff2,111,0.0711286933
ff2,112,0.0693200866
ff2,113,0.0698526761
ff2,114,0.0691451677
ff2,115,0.0680200968
ff2,116,0.0664863397
ff2,117,0.0662599988
ff2,118,0.0659263317
ff2,119,0.0653933354
ff2,120,0.0650639287
ff2,121,0.0639101986
ff2,122,0.0639129820
ff2,123,0.0638494843
ff2,124,0.0638048088
ff2,125,0.0614424463
ff2,126,0.0612513230
ff2,127,0.0611879837
ff2,128,0.0610532296
ff2,129,0.0609755352
ff2,130,0.0610466385
ff2,131,0.0615254719
ff2,132,0.0610532297
ff2,133,0.0610639847
ff2,134,0.0609098718
ff2,135,0.0607666894
ff2,136,0.0608744791
ff2,137,0.0608950206
ff2,138,0.0601923359
ff2,139,0.0601342372
ff2,140,0.0602566651
ff2,141,0.0601010023
ff2,142,0.0595511792
ff2,143,0.0596921456
ff2,144,0.0592578655
ff2,145,0.0588745028
ff2,146,0.0581798161
ff2,147,0.0589766063
ff2,148,0.0588745028
ff2,149,0.0586191975
ff2,150,0.0588744983
ff2,151,0.0588680386
ff2,152,0.0580626483
ff2,153,0.0580543336
ff2,154,0.0579687270
ff2,155,0.0579343678
ff2,156,0.0586190931
ff2,157,0.0580516385
ff2,158,0.0579332717
ff2,159,0.0579645751
ff2,160,0.0579010295
ff2,161,0.0579010725
ff2,162,0.0579011020
ff2,163,0.0579343676
ff2,164,0.0579007930
ff2,165,0.0579011075
ff2,166,0.0579011053
ff2,167,0.0575947706
ff2,168,0.0577432469
ff2,169,0.0579022537
ff2,170,0.0575127087
ff2,171,0.0575261258
ff2,172,0.0571749806
ff2,173,0.0567399351
ff2,174,0.0575006929
ff2,175,0.0565239415
ff2,176,0.0565972223
ff2,177,0.0568971593
ff2,178,0.0564134977
ff2,179,0.0563338973
ff2,180,0.0560193342
ff2,181,0.0565451488
ff2,182,0.0563730160
ff2,183,0.0558928744
ff2,184,0.0556888949
ff2,185,0.0556778169
ff2,186,0.0556777015
ff2,187,0.0556792276
ff2,188,0.0556790930
ff2,189,0.0556792334
ff2,190,0.0556740778
ff2,191,0.0555327314
ff2,192,0.0556792289
ff2,193,0.0553919571
ff2,194,0.0556768454
ff2,195,0.0553851333
ff2,196,0.0552805144
ff2,197,0.0552867938
ff2,198,0.0550615588
ff2,199,0.0547801293
ff2,200,0.0549686327
ff2,201,0.0547653700
ff2,202,0.0547474835
ff2,203,0.0546669184
ff2,204,0.0546953545
ff2,205,0.0546099350
ff2,206,0.0545342568
ff2,207,0.0545219110
ff2,208,0.0535943410
ff2,209,0.0540468669
ff2,210,0.0536061341
ff2,211,0.0540054433
ff2,212,0.0539083518
ff2,213,0.0530410452
ff2,214,0.0535347256
ff2,215,0.0530410034
ff2,216,0.0530695586
ff2,217,0.0530410416
ff2,218,0.0522815445
ff2,219,0.0524746371
ff2,220,0.0522263909
ff2,221,0.0525802753
ff2,222,0.0520378388
ff2,223,0.0520276561
ff2,224,0.0518598781
ff2,225,0.0519474358
ff2,226,0.0518105963
ff2,227,0.0515714745
ff2,228,0.0515546347
ff2,229,0.0518607635
ff2,230,0.0520265009
ff2,231,0.0515410247
ff2,232,0.0507455683
ff2,233,0.0515668660
ff2,234,0.0508453590
ff2,235,0.0507146750
ff2,236,0.0509479673
ff2,237,0.0503020365
ff2,238,0.0494274915
ff2,239,0.0489972896
ff2,240,0.0493534350
ff2,241,0.0500932451
ff2,242,0.0488940592
ff2,243,0.0482889279
ff2,244,0.0488015612
ff2,245,0.0501990727
ff2,246,0.0492349798
ff2,247,0.0488317078
ff2,248,0.0487337881
ff2,249,0.0484614336
ff2,250,0.0482176485
ff2,251,0.0488651776
ff2,252,0.0484804103
ff2,253,0.0483328681
ff2,254,0.0480139880
ff2,255,0.0474931612
ff2,256,0.0473773597
ff2,257,0.0477544989
ff2,258,0.0476946338
ff2,259,0.0477010321
ff2,260,0.0483638519
ff2,261,0.0472449198
ff2,262,0.0478349122
ff2,263,0.0467911941
ff2,264,0.0473935384
ff2,265,0.0463966862
ff2,266,0.0470865209
ff2,267,0.0471087740
ff2,268,0.0463899299
ff2,269,0.0464240379
ff2,270,0.0462765476
ff2,271,0.0463065291
ff2,272,0.0462395955
ff2,273,0.0461219694
ff2,274,0.0463215188
ff2,275,0.0461294049
ff2,276,0.0462665831
ff2,277,0.0457680535
ff2,278,0.0457622177
ff2,279,0.0450636706
ff2,280,0.0461149022
ff2,281,0.0450598498
ff2,282,0.0456038174
ff2,283,0.0455342435
ff2,284,0.0449581630
ff2,285,0.0451737530
ff2,286,0.0446654902
ff2,287,0.0443813667
ff2,288,0.0453349094
ff2,289,0.0452472448
ff2,290,0.0448484572
ff2,291,0.0448390170
ff2,292,0.0444834044
ff2,293,0.0435883655
ff2,294,0.0448380251
ff2,295,0.0446232517
ff2,296,0.0442670715
ff2,297,0.0442935007
ff2,298,0.0443645826
ff2,299,0.0443124125
ff2,300,0.0432515044
ff2,301,0.0442650576
ff2,302,0.0444620622
ff2,303,0.0436861583
ff2,304,0.0442028352
ff2,305,0.0428969168
ff2,306,0.0432115774
ff2,307,0.0430350191
ff2,308,0.0426802394
ff2,309,0.0439257407
ff2,310,0.0427093869
ff2,311,0.0430168569
ff2,312,0.0426003301
ff2,313,0.0425430778
ff2,314,0.0427145871
ff2,315,0.0424626063
ff2,316,0.0425358696
ff2,317,0.0424788387
ff2,318,0.0425761267
ff2,319,0.0424087084
ff2,320,0.0424695065
ff2,321,0.0423705117
ff2,322,0.0425179061
ff2,323,0.0424026999
ff2,324,0.0424365322
ff2,325,0.0425420968
ff2,326,0.0424027374
ff2,327,0.0424867454
ff2,328,0.0423995599
ff2,329,0.0419610951
ff2,330,0.0417618492
ff2,331,0.0419800910
ff2,332,0.0417918598
ff2,333,0.0419278604
ff2,334,0.0417831861
ff2,335,0.0417459317
ff2,336,0.0415843627
ff2,337,0.0418024890
ff2,338,0.0416204726
ff2,339,0.0417265489
ff2,340,0.0413260006
ff2,341,0.0418140358
ff2,342,0.0416067458
ff2,343,0.0416778049
ff2,344,0.0414725673
ff2,345,0.0415938893
ff2,346,0.0412049959
ff2,347,0.0416118912
ff2,348,0.0415757270
ff2,349,0.0414921555
ff2,350,0.0411124566
ff2,351,0.0410457984
ff2,352,0.0411658859
ff2,353,0.0410660746
ff2,354,0.0409984975
ff2,355,0.0417464909
ff2,356,0.0408215865
ff2,357,0.0408291321
ff2,358,0.0411815727
ff2,359,0.0410483116
ff2,360,0.0408311149
ff2,361,0.0409259119
ff2,362,0.0408312293
ff2,363,0.0408235326
ff2,364,0.0408289594
ff2,365,0.0408291907
ff2,366,0.0408430110
ff2,367,0.0408292791
ff2,368,0.0401861596
ff2,369,0.0410277971
ff2,370,0.0408275757
ff2,371,0.0404236887
ff2,372,0.0402599835
ff2,373,0.0402289689
ff2,374,0.0408089356
ff2,375,0.0402221079
ff2,376,0.0397260411
ff2,377,0.0397087484
ff2,378,0.0402283715
ff2,379,0.0402007181
ff2,380,0.0397461145
ff2,381,0.0396207008
ff2,382,0.0401159628
ff2,383,0.0401780687
ff2,384,0.0401482911
ff2,385,0.0401004917
ff2,386,0.0394277628
ff2,387,0.0395600069
ff2,388,0.0395647046
ff2,389,0.0393310827
ff2,390,0.0389672904
ff2,391,0.0386380250
ff2,392,0.0390097412
ff2,393,0.0394745233
ff2,394,0.0386096556
ff2,395,0.0394345563
ff2,396,0.0389498722
ff2,397,0.0386732091
ff2,398,0.0385014529
ff2,399,0.0383544343
ff2,400,0.0383229052
ff2,401,0.0386157807
ff2,402,0.0384866947
ff2,403,0.0384253845
ff2,404,0.0383220339
ff2,405,0.0382491022
ff2,406,0.0382227828
ff2,407,0.0380825642
ff2,408,0.0382280767
ff2,409,0.0375355662
ff2,410,0.0376313216
ff2,411,0.0382891716
ff2,412,0.0380983211
ff2,413,0.0373293443
ff2,414,0.0375415180
ff2,415,0.0382628198
ff2,416,0.0375592875
ff2,417,0.0375903644
ff2,418,0.0379665815
ff2,419,0.0375732854
ff2,420,0.0375213870
ff2,421,0.0374709263
ff2,422,0.0373341700
ff2,423,0.0375322690
ff2,424,0.0373225127
ff2,425,0.0379721726
ff2,426,0.0373402393
ff2,427,0.0372970243
ff2,428,0.0375381646
ff2,429,0.0373172282
ff2,430,0.0367342500
ff2,431,0.0372229750
ff2,432,0.0368685044
ff2,433,0.0372395463
ff2,434,0.0357365301
ff2,435,0.0367387640
ff2,436,0.0368407097
ff2,437,0.0364767875
ff2,438,0.0359036200
ff2,439,0.0367004670
ff2,440,0.0365664128
ff2,441,0.0363087521
ff2,442,0.0363505682
ff2,443,0.0356080893
ff2,444,0.0358384823
ff2,445,0.0361363038
ff2,446,0.0361963691
ff2,447,0.0360296651
ff2,448,0.0359966600
ff2,449,0.0359116720
ff2,450,0.0358263481
ff2,451,0.0355615057
ff2,452,0.0357470078
ff2,453,0.0354948649
ff2,454,0.0352590952
ff2,455,0.0357997108
ff2,456,0.0354587034
ff2,457,0.0354624989
ff2,458,0.0354679686
ff2,459,0.0353933320
ff2,460,0.0354696431
ff2,461,0.0354514647
ff2,462,0.0352458770
ff2,463,0.0354845129
ff2,464,0.0358664213
ff2,465,0.0351625881
ff2,466,0.0353832462
ff2,467,0.0347828330
ff2,468,0.0351652713
ff2,469,0.0352037619
ff2,470,0.0351132951
ff2,471,0.0349357093
ff2,472,0.0348484423
ff2,473,0.0344899711
ff2,474,0.0349607566
ff2,475,0.0353581938
ff2,476,0.0347725097
ff2,477,0.0349940940
ff2,478,0.0346361745
ff2,479,0.0349021449
ff2,480,0.0347617625
ff2,481,0.0347961328
ff2,482,0.0351338575
ff2,483,0.0345665622
ff2,484,0.0344620375
ff2,485,0.0344234931
ff2,486,0.0345522389
ff2,487,0.0344992808
ff2,488,0.0345153396
ff2,489,0.0344878753
ff2,490,0.0344594332
ff2,491,0.0343760745
ff2,492,0.0344672154
ff2,493,0.0343521532
ff2,494,0.0344973708
ff2,495,0.0343444829
ff2,496,0.0344878703
ff2,497,0.0343735792
ff2,498,0.0342237056
ff2,499,0.0343652294
ff2,500,0.0342045111
ff2,501,0.0343559422
ff2,502,0.0340898459
ff2,503,0.0339726757
ff2,504,0.0336621145
ff2,505,0.0344878852
ff2,506,0.0341736105
ff2,507,0.0340696781
ff2,508,0.0341300795
ff2,509,0.0340299286
ff2,510,0.0335527419
ff2,511,0.0340248499
ff2,512,0.0342922754
ff2,513,0.0343460329
ff2,514,0.0341248494
ff2,515,0.0336042185
ff2,516,0.0333729844
ff2,517,0.0341333757
ff2,518,0.0339382591
ff2,519,0.0338304897
ff2,520,0.0339651276
ff2,521,0.0336956255
ff2,522,0.0335569566
ff2,523,0.0335684839
ff2,524,0.0332295652
ff2,525,0.0340890868
ff2,526,0.0336923655
ff2,527,0.0334411684
ff2,528,0.0333505086
ff2,529,0.0338059631
ff2,530,0.0333671123
ff2,531,0.0327156702
ff2,532,0.0332884767
ff2,533,0.0334280533
ff2,534,0.0329301113
ff2,535,0.0338553514
ff2,536,0.0332179025
ff2,537,0.0333727220
ff2,538,0.0328208028
ff2,539,0.0328293225
ff2,540,0.0328927945
ff2,541,0.0333019651
ff2,542,0.0331894417
ff2,543,0.0328375258
ff2,544,0.0333547286
ff2,545,0.0323817707
ff2,546,0.0328966258
ff2,547,0.0323735102
ff2,548,0.0319941228
ff2,549,0.0328370059
ff2,550,0.0326566766
ff2,551,0.0325525103
ff2,552,0.0327606830
ff2,553,0.0324260343
ff2,554,0.0320521184
ff2,555,0.0327167608
ff2,556,0.0323200055
ff2,557,0.0322243573
ff2,558,0.0323828558
ff2,559,0.0327671239
ff2,560,0.0322310523
ff2,561,0.0321054982
ff2,562,0.0321756591
ff2,563,0.0320850018
ff2,564,0.0322711733
ff2,565,0.0320785109
ff2,566,0.0320830457
ff2,567,0.0323679326
ff2,568,0.0320568442
ff2,569,0.0319752073
ff2,570,0.0323759571
ff2,571,0.0318264164
ff2,572,0.0326220548
ff2,573,0.0320731606
ff2,574,0.0317401786
ff2,575,0.0325412525
ff2,576,0.0316972459
ff2,577,0.0320596059
ff2,578,0.0318664759
ff2,579,0.0317650390
ff2,580,0.0318181536
ff2,581,0.0318251911
ff2,582,0.0318264163
ff2,583,0.0318668561
ff2,584,0.0317933239
ff2,585,0.0320156317
ff2,586,0.0318182996
ff2,587,0.0315696296
ff2,588,0.0317529920
ff2,589,0.0317002937
ff2,590,0.0316246240
ff2,591,0.0315624053
ff2,592,0.0315669449
ff2,593,0.0316231771
ff2,594,0.0313964308
ff2,595,0.0315757817
ff2,596,0.0318230834
ff2,597,0.0310542175
ff2,598,0.0313716089
ff2,599,0.0314783713
ff2,600,0.0318235846
ff2,601,0.0316223471
ff2,602,0.0313874335
ff2,603,0.0310842727
ff2,604,0.0313519526
ff2,605,0.0313410471
ff2,606,0.0310072906
ff2,607,0.0310981778
ff2,608,0.0313768835
ff2,609,0.0312974313
ff2,610,0.0310476310
ff2,611,0.0310350965
ff2,612,0.0309676337
ff2,613,0.0311732435
ff2,614,0.0310068535
ff2,615,0.0309348766
ff2,616,0.0310706465
ff2,617,0.0311805649
ff2,618,0.0309378076
ff2,619,0.0308379857
ff2,620,0.0309699693
ff2,621,0.0309235574
ff2,622,0.0308259145
ff2,623,0.0308231242
ff2,624,0.0308942188
ff2,625,0.0309458678
ff2,626,0.0310062599
ff2,627,0.0309355542
ff2,628,0.0310575804
ff2,629,0.0307773534
ff2,630,0.0307635856
ff2,631,0.0308729183
ff2,632,0.0311240942
ff2,633,0.0310064228
ff2,634,0.0307879079
ff2,635,0.0304890453
ff2,636,0.0306086742
ff2,637,0.0307989767
ff2,638,0.0309118472
ff2,639,0.0306426638
ff2,640,0.0306676750
ff2,641,0.0306721820
ff2,642,0.0304240867
ff2,643,0.0303032817
ff2,644,0.0305297026
ff2,645,0.0306602938
ff2,646,0.0306776913
ff2,647,0.0304565079
ff2,648,0.0303896537
ff2,649,0.0304773973
ff2,650,0.0306601587
ff2,651,0.0303267641
ff2,652,0.0302028062
ff2,653,0.0302861856
ff2,654,0.0304305683
ff2,655,0.0302685266
ff2,656,0.0302811592
ff2,657,0.0303436624
ff2,658,0.0301182956
ff2,659,0.0304239155
ff2,660,0.0302131338
ff2,661,0.0303962701
ff2,662,0.0303234464
ff2,663,0.0301151096
ff2,664,0.0300764976
ff2,665,0.0302157868
ff2,666,0.0300596812
ff2,667,0.0301182730
ff2,668,0.0300560806
ff2,669,0.0303851238
ff2,670,0.0300597021
ff2,671,0.0300544900
ff2,672,0.0300596370
ff2,673,0.0300374465
ff2,674,0.0301594055
ff2,675,0.0300129488
ff2,676,0.0300266608
ff2,677,0.0300489828
ff2,678,0.0301454487
ff2,679,0.0299926805
ff2,680,0.0300555991
ff2,681,0.0300564088
ff2,682,0.0301149248
ff2,683,0.0299693491
ff2,684,0.0298195863
ff2,685,0.0299940136
ff2,686,0.0299797816
ff2,687,0.0298517976
ff2,688,0.0300184456
ff2,689,0.0300071718
ff2,690,0.0299326573
ff2,691,0.0299883365
ff2,692,0.0298863834
ff2,693,0.0299780416
ff2,694,0.0300037868
ff2,695,0.0297154560
ff2,696,0.0296394013
ff2,697,0.0296354459
ff2,698,0.0296620960
ff2,699,0.0296169020
ff2,700,0.0297145725
ff2,701,0.0294841692
ff2,702,0.0299920265
ff2,703,0.0296479620
ff2,704,0.0296334099
ff2,705,0.0297894452
ff2,706,0.0294696282
ff2,707,0.0294147344
ff2,708,0.0293723600
ff2,709,0.0295962036
ff2,710,0.0297711045
ff2,711,0.0294947454
ff2,712,0.0294654974
ff2,713,0.0293382763
ff2,714,0.0299168995
ff2,715,0.0294780475
ff2,716,0.0292113043
ff2,717,0.0291065317
ff2,718,0.0294657620
ff2,719,0.0293948283
ff2,720,0.0294227864
ff2,721,0.0294612572
ff2,722,0.0292673563
ff2,723,0.0297874154
ff2,724,0.0293600428
ff2,725,0.0294132180
ff2,726,0.0291953168
ff2,727,0.0293172642
ff2,728,0.0293054952
ff2,729,0.0293398996
ff2,730,0.0291557925
ff2,731,0.0291823866
ff2,732,0.0292651950
ff2,733,0.0293837825
ff2,734,0.0291156781
ff2,735,0.0291186937
ff2,736,0.0291330500
ff2,737,0.0292477317
ff2,738,0.0293950686
ff2,739,0.0292168438
ff2,740,0.0290430876
ff2,741,0.0290383988
ff2,742,0.0291732178
ff2,743,0.0291079824
ff2,744,0.0291299079
ff2,745,0.0290261313
ff2,746,0.0290260102
ff2,747,0.0290291792
ff2,748,0.0288026762
ff2,749,0.0290292192
ff2,750,0.0290436538
ff2,751,0.0290054457
ff2,752,0.0290135148
ff2,753,0.0289560278
ff2,754,0.0290468918
ff2,755,0.0289180323
ff2,756,0.0290553589
ff2,757,0.0291524310
ff2,758,0.0290293461
ff2,759,0.0290000071
ff2,760,0.0289788570
ff2,761,0.0290292105
ff2,762,0.0288880245
ff2,763,0.0290524393
ff2,764,0.0289046007
ff2,765,0.0287726659
ff2,766,0.0290282546
ff2,767,0.0286727397
ff2,768,0.0287798443
ff2,769,0.0287667431
ff2,770,0.0289181855
ff2,771,0.0285979109
ff2,772,0.0290140859
ff2,773,0.0290062047
ff2,774,0.0288119037
ff2,775,0.0287805288
ff2,776,0.0290272231
ff2,777,0.0286884121
ff2,778,0.0289088763
ff2,779,0.0290513412
ff2,780,0.0289156612
ff2,781,0.0287455281
ff2,782,0.0287827248
ff2,783,0.0285519856
ff2,784,0.0288114658
ff2,785,0.0286121523
ff2,786,0.0282452726
ff2,787,0.0287311283
ff2,788,0.0284723651
ff2,789,0.0289590346
ff2,790,0.0283101886
ff2,791,0.0285099026
ff2,792,0.0286941399
ff2,793,0.0284398016
ff2,794,0.0283194389
ff2,795,0.0285342945
ff2,796,0.0283210145
ff2,797,0.0285211545
ff2,798,0.0283081133
ff2,799,0.0282730202
ff2,800,0.0284622160
ff2,801,0.0281856098
ff2,802,0.0280209946
ff2,803,0.0283194898
ff2,804,0.0282418112
ff2,805,0.0282836964
ff2,806,0.0279800547
ff2,807,0.0279520736
ff2,808,0.0282909514
ff2,809,0.0279856587
ff2,810,0.0284624519
ff2,811,0.0279012063
ff2,812,0.0281553284
ff2,813,0.0284197284
ff2,814,0.0278315510
ff2,815,0.0277937195
ff2,816,0.0278461417
ff2,817,0.0278767153
ff2,818,0.0278106528
ff2,819,0.0279817893
ff2,820,0.0277997400
ff2,821,0.0276484457
ff2,822,0.0277965244
ff2,823,0.0278398663
ff2,824,0.0276337372
ff2,825,0.0277088838
ff2,826,0.0278896618
ff2,827,0.0278947816
ff2,828,0.0278178096
ff2,829,0.0277598712
ff2,830,0.0278321162
ff2,831,0.0274570732
ff2,832,0.0274598828
ff2,833,0.0274771763
ff2,834,0.0276947041
ff2,835,0.0276579830
ff2,836,0.0276976517
ff2,837,0.0274578708
ff2,838,0.0275122000
ff2,839,0.0274636646
ff2,840,0.0273456119
ff2,841,0.0278069641
ff2,842,0.0274532682
ff2,843,0.0274777508
ff2,844,0.0272496312
ff2,845,0.0279537170
ff2,846,0.0274618322
ff2,847,0.0274303558
ff2,848,0.0274726874
ff2,849,0.0272903944
ff2,850,0.0274166535
ff2,851,0.0272613814
ff2,852,0.0273860749
ff2,853,0.0273132524
ff2,854,0.0272758308
ff2,855,0.0272924688
ff2,856,0.0272738738
ff2,857,0.0273589931
ff2,858,0.0272180596
ff2,859,0.0273876051
ff2,860,0.0271132079
ff2,861,0.0272336711
ff2,862,0.0273073913
ff2,863,0.0274512378
ff2,864,0.0272211643
ff2,865,0.0269872547
ff2,866,0.0270276338
ff2,867,0.0273374084
ff2,868,0.0271751059
ff2,869,0.0271673261
ff2,870,0.0268977367
ff2,871,0.0270047572
ff2,872,0.0272316199
ff2,873,0.0268583886
ff2,874,0.0271228400
ff2,875,0.0270962057
ff2,876,0.0269010807
ff2,877,0.0270657887
ff2,878,0.0263515424
ff2,879,0.0269647766
ff2,880,0.0270517792
ff2,881,0.0268830619
ff2,882,0.0267823742
ff2,883,0.0266529425
ff2,884,0.0267855279
ff2,885,0.0263585612
ff2,886,0.0269175315
ff2,887,0.0268110830
ff2,888,0.0266239075
ff2,889,0.0266379498
ff2,890,0.0267766387
ff2,891,0.0267110490
ff2,892,0.0267773732
ff2,893,0.0262298278
ff2,894,0.0267899243
ff2,895,0.0264401179
ff2,896,0.0264211725
ff2,897,0.0263503460
ff2,898,0.0266002555
ff2,899,0.0260894020
ff2,900,0.0263398269
ff2,901,0.0265174934
ff2,902,0.0266523025
ff2,903,0.0263526214
ff2,904,0.0263846277
ff2,905,0.0260258962
ff2,906,0.0264604780
ff2,907,0.0260797083
ff2,908,0.0259409753
ff2,909,0.0260849446
ff2,910,0.0267280874
ff2,911,0.0264217641
ff2,912,0.0262173277
ff2,913,0.0260233456
ff2,914,0.0261682520
ff2,915,0.0263692457
ff2,916,0.0256030548
ff2,917,0.0260544231
ff2,918,0.0256971032
ff2,919,0.0260737550
ff2,920,0.0258912774
ff2,921,0.0260801830
ff2,922,0.0255830287
ff2,923,0.0258697375
ff2,924,0.0262725650
ff2,925,0.0255984374
ff2,926,0.0257043714
ff2,927,0.0262574534
ff2,928,0.0263262633
ff2,929,0.0258613646
ff2,930,0.0260640236
ff2,931,0.0255996625
ff2,932,0.0255164552
ff2,933,0.0257265026
ff2,934,0.0256512189
ff2,935,0.0256057637
ff2,936,0.0253365348
ff2,937,0.0255553973
ff2,938,0.0255824352
ff2,939,0.0255870949
ff2,940,0.0255940247
ff2,941,0.0252854129
ff2,942,0.0255104628
ff2,943,0.0260486743
ff2,944,0.0254373905
ff2,945,0.0255814240
ff2,946,0.0254195705
ff2,947,0.0253689710
ff2,948,0.0256059588
ff2,949,0.0254559862
ff2,950,0.0254825857
ff2,951,0.0254524189
ff2,952,0.0253453298
ff2,953,0.0255155639
ff2,954,0.0255060701
ff2,955,0.0253792997
ff2,956,0.0255757573
ff2,957,0.0251946787
ff2,958,0.0252998455
ff2,959,0.0250482638
ff2,960,0.0252846469
ff2,961,0.0252146127
ff2,962,0.0252094918
ff2,963,0.0251965882
ff2,964,0.0254591646
ff2,965,0.0252552132
ff2,966,0.0252321638
ff2,967,0.0250307421
ff2,968,0.0249870967
ff2,969,0.0250316905
ff2,970,0.0250239459
ff2,971,0.0251450803
ff2,972,0.0250521220
ff2,973,0.0251004271
ff2,974,0.0250704091
ff2,975,0.0249867008
ff2,976,0.0249617843
ff2,977,0.0253365790
ff2,978,0.0249844592
ff2,979,0.0246323502
ff2,980,0.0246791168
ff2,981,0.0245755360
ff2,982,0.0250260614
ff2,983,0.0250620602
ff2,984,0.0252137034
ff2,985,0.0249984781
ff2,986,0.0249925610
ff2,987,0.0249331567
ff2,988,0.0247982014
ff2,989,0.0247267517
ff2,990,0.0246542148
ff2,991,0.0248606798
ff2,992,0.0249864099
ff2,993,0.0245669249
ff2,994,0.0249044714
ff2,995,0.0244676447
ff2,996,0.0248317730
ff2,997,0.0249583596
ff2,998,0.0245283961
ff2,999,0.0245552279
ff2,1000,0.0249106235
ff2,1001,0.0248267783
ff2,1002,0.0249665429
ff2,1003,0.0246007013
ff2,1004,0.0244781145
ff2,1005,0.0246099168
ff2,1006,0.0245524364
ff2,1007,0.0243032946
ff2,1008,0.0245266137
ff2,1009,0.0247787280
ff2,1010,0.0243083390
ff2,1011,0.0242818022
ff2,1012,0.0250863825
ff2,1013,0.0247035036
ff2,1014,0.0243083323
ff2,1015,0.0249853621
ff2,1016,0.0245551490
ff2,1017,0.0242790627
ff2,1018,0.0243369627
ff2,1019,0.0244429182
ff2,1020,0.0245480626
ff2,1021,0.0245316919
ff2,1022,0.0242120283
ff2,1023,0.0244503136
ff2,1024,0.0242338035
ff2,1025,0.0245983506
ff2,1026,0.0242794811
ff2,1027,0.0244297263
ff2,1028,0.0242654556
ff2,1029,0.0248790699
ff2,1030,0.0244550902
ff2,1031,0.0242355955
ff2,1032,0.0240507264
ff2,1033,0.0244426377
ff2,1034,0.0241536994
ff2,1035,0.0244943904
ff2,1036,0.0244032468
ff2,1037,0.0242976645
ff2,1038,0.0243730068
ff2,1039,0.0242574650
ff2,1040,0.0245207145
ff2,1041,0.0243022463
ff2,1042,0.0243580631
ff2,1043,0.0237985411
ff2,1044,0.0242963328
ff2,1045,0.0242874610
ff2,1046,0.0241815428
ff2,1047,0.0242103546
ff2,1048,0.0242179704
ff2,1049,0.0243583584
ff2,1050,0.0243677252
ff2,1051,0.0241192246
ff2,1052,0.0242804883
ff2,1053,0.0239228546
ff2,1054,0.0242764718
ff2,1055,0.0241060934
ff2,1056,0.0241952685
ff2,1057,0.0241188805
ff2,1058,0.0239615892
ff2,1059,0.0241726839
ff2,1060,0.0243115631
ff2,1061,0.0239969545
ff2,1062,0.0238799651
ff2,1063,0.0239479251
ff2,1064,0.0241978428
ff2,1065,0.0240693937
ff2,1066,0.0241724789
ff2,1067,0.0240299133
ff2,1068,0.0238651998
ff2,1069,0.0237821660
ff2,1070,0.0242760953
ff2,1071,0.0239292482
ff2,1072,0.0240676447
ff2,1073,0.0238844606
ff2,1074,0.0236874790
ff2,1075,0.0238120763
ff2,1076,0.0238248641
ff2,1077,0.0240353472
ff2,1078,0.0238824757
ff2,1079,0.0238185614
ff2,1080,0.0236095761
ff2,1081,0.0239517759
ff2,1082,0.0236654298
ff2,1083,0.0239712317
ff2,1084,0.0237945039
ff2,1085,0.0238112425
ff2,1086,0.0237951983
ff2,1087,0.0237915099
ff2,1088,0.0236736251
ff2,1089,0.0238609550
ff2,1090,0.0235440924
ff2,1091,0.0242197939
ff2,1092,0.0237702988
ff2,1093,0.0237009287
ff2,1094,0.0238667775
ff2,1095,0.0235092953
ff2,1096,0.0238051422
ff2,1097,0.0237682666
ff2,1098,0.0237233287
ff2,1099,0.0235140372
ff2,1100,0.0237098740
ff2,1101,0.0235405214
ff2,1102,0.0237060511
ff2,1103,0.0236559800
ff2,1104,0.0236192470
ff2,1105,0.0234484149
ff2,1106,0.0235199540
ff2,1107,0.0236895020
ff2,1108,0.0236216011
ff2,1109,0.0234216432
ff2,1110,0.0240348820
ff2,1111,0.0235907048
ff2,1112,0.0236665839
ff2,1113,0.0234341278
ff2,1114,0.0235942536
ff2,1115,0.0234908434
ff2,1116,0.0233783729
ff2,1117,0.0235955709
ff2,1118,0.0234249573
ff2,1119,0.0232747784
ff2,1120,0.0235470253
ff2,1121,0.0234138489
ff2,1122,0.0229104208
ff2,1123,0.0236543584
ff2,1124,0.0234350623
ff2,1125,0.0235488515
ff2,1126,0.0233604700
ff2,1127,0.0232589626
ff2,1128,0.0231886309
ff2,1129,0.0233253326
ff2,1130,0.0232832106
ff2,1131,0.0233282589
ff2,1132,0.0232815483
ff2,1133,0.0232275717
ff2,1134,0.0232342859
ff2,1135,0.0230013347
ff2,1136,0.0232745395
ff2,1137,0.0232931301
ff2,1138,0.0233979014
ff2,1139,0.0234636385
ff2,1140,0.0233020243
ff2,1141,0.0233945975
ff2,1142,0.0232139533
ff2,1143,0.0231490128
ff2,1144,0.0231274100
ff2,1145,0.0232208894
ff2,1146,0.0232222581
ff2,1147,0.0230240473
ff2,1148,0.0231020259
ff2,1149,0.0228075243
ff2,1150,0.0231416826
ff2,1151,0.0227825469
ff2,1152,0.0231609753
ff2,1153,0.0226972176
ff2,1154,0.0228171184
ff2,1155,0.0228609923
ff2,1156,0.0227522550
ff2,1157,0.0231068303
ff2,1158,0.0230782719
ff2,1159,0.0230176057
ff2,1160,0.0231526948
ff2,1161,0.0228549326
ff2,1162,0.0233582087
ff2,1163,0.0229625195
ff2,1164,0.0226680992
ff2,1165,0.0230859597
ff2,1166,0.0227257074
ff2,1167,0.0227705295
ff2,1168,0.0228898752
ff2,1169,0.0228559008
ff2,1170,0.0230514750
ff2,1171,0.0228151065
ff2,1172,0.0228232818
ff2,1173,0.0226787744
ff2,1174,0.0226961116
ff2,1175,0.0226184983
ff2,1176,0.0230400274
ff2,1177,0.0227600873
ff2,1178,0.0225912668
ff2,1179,0.0226870958
ff2,1180,0.0229138735
ff2,1181,0.0225837365
ff2,1182,0.0226892323
ff2,1183,0.0224624349
ff2,1184,0.0227176308
ff2,1185,0.0225298884
ff2,1186,0.0225811560
ff2,1187,0.0228176016
ff2,1188,0.0225863917
ff2,1189,0.0221549779
ff2,1190,0.0228919331
ff2,1191,0.0229206544
ff2,1192,0.0226287173
ff2,1193,0.0224667996
ff2,1194,0.0225168462
ff2,1195,0.0224868365
ff2,1196,0.0224498626
ff2,1197,0.0226614407
ff2,1198,0.0224369622
ff2,1199,0.0224817979
ff2,1200,0.0225132357
ff2,1201,0.0223104965
ff2,1202,0.0222703136
ff2,1203,0.0224307183
ff2,1204,0.0224992373
ff2,1205,0.0224772750
ff2,1206,0.0226292827
ff2,1207,0.0224594585
ff2,1208,0.0223406736
ff2,1209,0.0222440776
ff2,1210,0.0224865138
ff2,1211,0.0221099456
ff2,1212,0.0221533620
ff2,1213,0.0223380661
ff2,1214,0.0225648843
ff2,1215,0.0221072430
ff2,1216,0.0225226046
ff2,1217,0.0223073968
ff2,1218,0.0222983341
ff2,1219,0.0220962171
ff2,1220,0.0223145433
ff2,1221,0.0222207522
ff2,1222,0.0225997023
ff2,1223,0.0220361670
ff2,1224,0.0221997881
ff2,1225,0.0221628556
ff2,1226,0.0219484638
ff2,1227,0.0219353571
ff2,1228,0.0221188265
ff2,1229,0.0218776699
ff2,1230,0.0219450181
ff2,1231,0.0224482301
ff2,1232,0.0220205374
ff2,1233,0.0223128369
ff2,1234,0.0222035665
ff2,1235,0.0220980663
ff2,1236,0.0220838720
ff2,1237,0.0221519193
ff2,1238,0.0219698143
ff2,1239,0.0220574765
ff2,1240,0.0219752931
ff2,1241,0.0222605820
ff2,1242,0.0221196665
ff2,1243,0.0221231724
ff2,1244,0.0219115764
ff2,1245,0.0221149442
ff2,1246,0.0218440371
ff2,1247,0.0220519592
ff2,1248,0.0218777587
ff2,1249,0.0220489885
ff2,1250,0.0219012020
ff2,1251,0.0218506124
ff2,1252,0.0219135451
ff2,1253,0.0220280579
ff2,1254,0.0221063917
ff2,1255,0.0221084258
ff2,1256,0.0218929297
ff2,1257,0.0217085112
ff2,1258,0.0218576085
ff2,1259,0.0219248909
ff2,1260,0.0218332249
ff2,1261,0.0218274526
ff2,1262,0.0219781307
ff2,1263,0.0217519076
ff2,1264,0.0218780544
ff2,1265,0.0218182043
ff2,1266,0.0218012050
ff2,1267,0.0218597822
ff2,1268,0.0218234235
ff2,1269,0.0219038173
ff2,1270,0.0218585766
ff2,1271,0.0218082959
ff2,1272,0.0217738385
ff2,1273,0.0217477804
ff2,1274,0.0217864664
ff2,1275,0.0218888627
ff2,1276,0.0217873921
ff2,1277,0.0217597311
ff2,1278,0.0217757132
ff2,1279,0.0219305039
ff2,1280,0.0216002363
ff2,1281,0.0217622261
ff2,1282,0.0218305401
ff2,1283,0.0218429640
ff2,1284,0.0217384339
ff2,1285,0.0217244599
ff2,1286,0.0218101082
ff2,1287,0.0217034181
ff2,1288,0.0217445494
ff2,1289,0.0218293208
ff2,1290,0.0217601776
ff2,1291,0.0217070124
ff2,1292,0.0217577025
ff2,1293,0.0218745669
ff2,1294,0.0216030812
ff2,1295,0.0216365347
ff2,1296,0.0216119498
ff2,1297,0.0217957597
ff2,1298,0.0218588526
ff2,1299,0.0217053424
ff2,1300,0.0217180299
ff2,1301,0.0216271217
ff2,1302,0.0217335918
ff2,1303,0.0215975107
ff2,1304,0.0216902356
ff2,1305,0.0214205683
ff2,1306,0.0216790916
ff2,1307,0.0217062744
ff2,1308,0.0214251386
ff2,1309,0.0215928890
ff2,1310,0.0214860110
ff2,1311,0.0216812231
ff2,1312,0.0216054020
ff2,1313,0.0215713542
ff2,1314,0.0215588950
ff2,1315,0.0215461084
ff2,1316,0.0216441565
ff2,1317,0.0215402191
ff2,1318,0.0214216065
ff2,1319,0.0214445817
ff2,1320,0.0213085305
ff2,1321,0.0215808343
ff2,1322,0.0215469642
ff2,1323,0.0215878856
ff2,1324,0.0215319567
ff2,1325,0.0213939599
ff2,1326,0.0213993311
ff2,1327,0.0213843486
ff2,1328,0.0216304634
ff2,1329,0.0214742240
ff2,1330,0.0214911671
ff2,1331,0.0215169582
ff2,1332,0.0215686125
ff2,1333,0.0216542807
ff2,1334,0.0215429144
ff2,1335,0.0213913081
ff2,1336,0.0213787718
ff2,1337,0.0214804075
ff2,1338,0.0213667662
ff2,1339,0.0211938589
ff2,1340,0.0213516758
ff2,1341,0.0213454885
ff2,1342,0.0216924439
ff2,1343,0.0213650270
ff2,1344,0.0213361807
ff2,1345,0.0213699416
ff2,1346,0.0213053950
ff2,1347,0.0214260110
ff2,1348,0.0213703170
ff2,1349,0.0213407103
ff2,1350,0.0214003555
ff2,1351,0.0213226853
ff2,1352,0.0213048736
ff2,1353,0.0214032377
ff2,1354,0.0214107149
ff2,1355,0.0211971686
ff2,1356,0.0213200092
ff2,1357,0.0212856562
ff2,1358,0.0213765357
ff2,1359,0.0212389046
ff2,1360,0.0212976114
ff2,1361,0.0210383387
ff2,1362,0.0211643503
ff2,1363,0.0213351846
ff2,1364,0.0213336765
ff2,1365,0.0212289506
ff2,1366,0.0213243147
ff2,1367,0.0213321902
ff2,1368,0.0212343707
ff2,1369,0.0210200958
ff2,1370,0.0210973635
ff2,1371,0.0213225504
ff2,1372,0.0210405004
ff2,1373,0.0213228382
ff2,1374,0.0213062874
ff2,1375,0.0213345650
ff2,1376,0.0211816826
ff2,1377,0.0213116064
ff2,1378,0.0210079259
ff2,1379,0.0213321009
ff2,1380,0.0212734639
ff2,1381,0.0212838589
ff2,1382,0.0209833900
ff2,1383,0.0210281703
ff2,1384,0.0211108000
ff2,1385,0.0213195824
ff2,1386,0.0210581150
ff2,1387,0.0212738238
ff2,1388,0.0212544600
ff2,1389,0.0209568275
ff2,1390,0.0211836861
ff2,1391,0.0208990761
ff2,1392,0.0208728880
ff2,1393,0.0209234188
ff2,1394,0.0211800646
ff2,1395,0.0211919037
ff2,1396,0.0209183262
ff2,1397,0.0210712226
ff2,1398,0.0209475832
ff2,1399,0.0208784876
ff2,1400,0.0208755311
ff2,1401,0.0211005235
ff2,1402,0.0213032524
ff2,1403,0.0210915203
ff2,1404,0.0208055841
ff2,1405,0.0208737034
ff2,1406,0.0208595030
ff2,1407,0.0208676988
ff2,1408,0.0211131955
ff2,1409,0.0208751064
ff2,1410,0.0210150160
ff2,1411,0.0208528538
ff2,1412,0.0208224821
ff2,1413,0.0206850510
ff2,1414,0.0208177623
ff2,1415,0.0205923044
ff2,1416,0.0208323874
ff2,1417,0.0208265815
ff2,1418,0.0207226182
ff2,1419,0.0207753324
ff2,1420,0.0208009780
ff2,1421,0.0207992365
ff2,1422,0.0208995872
ff2,1423,0.0208207338
ff2,1424,0.0205411682
ff2,1425,0.0207410486
ff2,1426,0.0207875056
ff2,1427,0.0207721550
ff2,1428,0.0208898766
ff2,1429,0.0207768599
ff2,1430,0.0206526926
ff2,1431,0.0207810940
ff2,1432,0.0205133366
ff2,1433,0.0206697845
ff2,1434,0.0206904478
ff2,1435,0.0208945821
ff2,1436,0.0206111053
ff2,1437,0.0207127555
ff2,1438,0.0207438274
ff2,1439,0.0204676931
ff2,1440,0.0206569766
ff2,1441,0.0203571840
ff2,1442,0.0205424741
ff2,1443,0.0208586814
ff2,1444,0.0207015535
ff2,1445,0.0205369249
ff2,1446,0.0204576075
ff2,1447,0.0205937327
ff2,1448,0.0205322300
ff2,1449,0.0206119757
ff2,1450,0.0208504928
ff2,1451,0.0204600016
ff2,1452,0.0205880700
ff2,1453,0.0208116319
ff2,1454,0.0204907312
ff2,1455,0.0207509926
ff2,1456,0.0204710734
ff2,1457,0.0205051582
ff2,1458,0.0205305182
ff2,1459,0.0205875820
ff2,1460,0.0205899088
ff2,1461,0.0203449059
ff2,1462,0.0206301778
ff2,1463,0.0205870682
ff2,1464,0.0206006791
ff2,1465,0.0204562749
ff2,1466,0.0206049354
ff2,1467,0.0204711191
ff2,1468,0.0205656757
ff2,1469,0.0202448381
ff2,1470,0.0204401281
ff2,1471,0.0206234835
ff2,1472,0.0205788645
ff2,1473,0.0205233969
ff2,1474,0.0205107162
ff2,1475,0.0204352170
ff2,1476,0.0204563472
ff2,1477,0.0204634000
ff2,1478,0.0202395349
ff2,1479,0.0201689138
ff2,1480,0.0205954455
ff2,1481,0.0204502384
ff2,1482,0.0203757965
ff2,1483,0.0205129127
ff2,1484,0.0203688569
ff2,1485,0.0203919716
ff2,1486,0.0205177631
ff2,1487,0.0203833020
ff2,1488,0.0203552952
ff2,1489,0.0204840251
ff2,1490,0.0206254777
ff2,1491,0.0203260492
ff2,1492,0.0202023894
ff2,1493,0.0200295330
ff2,1494,0.0203211197
ff2,1495,0.0203494221
ff2,1496,0.0205141576
ff2,1497,0.0204968261
ff2,1498,0.0202043504
ff2,1499,0.0202783839
ff2,1500,0.0203724096
ff2,1501,0.0204441720
ff2,1502,0.0204529439
ff2,1503,0.0204161129
ff2,1504,0.0204828942
ff2,1505,0.0202724548
ff2,1506,0.0204132726
ff2,1507,0.0203296631
ff2,1508,0.0201473194
ff2,1509,0.0202865799
ff2,1510,0.0202021889
ff2,1511,0.0202024649
ff2,1512,0.0204185776
ff2,1513,0.0202165832
ff2,1514,0.0199853534
ff2,1515,0.0204288716
ff2,1516,0.0203255731
ff2,1517,0.0202991949
ff2,1518,0.0202454336
ff2,1519,0.0201338445
ff2,1520,0.0203684619
ff2,1521,0.0204564008
ff2,1522,0.0204363893
ff2,1523,0.0201605752
ff2,1524,0.0203942321
ff2,1525,0.0202159793
ff2,1526,0.0201839320
ff2,1527,0.0202239976
ff2,1528,0.0201920224
ff2,1529,0.0201933485
ff2,1530,0.0201970584
ff2,1531,0.0202524901
ff2,1532,0.0200752788
ff2,1533,0.0200780702
ff2,1534,0.0202282826
ff2,1535,0.0203344607
ff2,1536,0.0201849604
ff2,1537,0.0200305665
ff2,1538,0.0201812289
ff2,1539,0.0201124466
ff2,1540,0.0200257163
ff2,1541,0.0200897605
ff2,1542,0.0199159476
ff2,1543,0.0201930280
ff2,1544,0.0200896545
ff2,1545,0.0199257014
ff2,1546,0.0200990741
ff2,1547,0.0200803490
ff2,1548,0.0200086205
ff2,1549,0.0199622792
ff2,1550,0.0202796371
ff2,1551,0.0199522321
ff2,1552,0.0199198576
ff2,1553,0.0200567695
ff2,1554,0.0200288004
ff2,1555,0.0198452503
ff2,1556,0.0201323865
ff2,1557,0.0201367943
ff2,1558,0.0199202328
ff2,1559,0.0200431211
ff2,1560,0.0199852059
ff2,1561,0.0198362272
ff2,1562,0.0199889547
ff2,1563,0.0200883351
ff2,1564,0.0200869520
ff2,1565,0.0199764007
ff2,1566,0.0199251998
ff2,1567,0.0201037758
ff2,1568,0.0199596544
ff2,1569,0.0200158951
ff2,1570,0.0197976519
ff2,1571,0.0198514815
ff2,1572,0.0199618046
ff2,1573,0.0200533426
ff2,1574,0.0200383282
ff2,1575,0.0198308212
ff2,1576,0.0200619807
ff2,1577,0.0201246102
ff2,1578,0.0198692291
ff2,1579,0.0199496870
ff2,1580,0.0198518856
ff2,1581,0.0200054100
ff2,1582,0.0199645795
ff2,1583,0.0198030726
ff2,1584,0.0199405504
ff2,1585,0.0197049114
ff2,1586,0.0199113401
ff2,1587,0.0197746006
ff2,1588,0.0199689885
ff2,1589,0.0201306835
ff2,1590,0.0196865479
ff2,1591,0.0198684953
ff2,1592,0.0198234626
ff2,1593,0.0198922283
ff2,1594,0.0197718219
ff2,1595,0.0197788371
ff2,1596,0.0197020784
ff2,1597,0.0197175855
ff2,1598,0.0199507109
ff2,1599,0.0195172144
ff2,1600,0.0195096378
ff2,1601,0.0198218507
ff2,1602,0.0196348876
ff2,1603,0.0194798764
ff2,1604,0.0198514826
ff2,1605,0.0197748499
ff2,1606,0.0194918558
ff2,1607,0.0199253780
ff2,1608,0.0196258637
ff2,1609,0.0198618632
ff2,1610,0.0193925593
ff2,1611,0.0194220157
ff2,1612,0.0197268470
ff2,1613,0.0195501640
ff2,1614,0.0196897517
ff2,1615,0.0196202476
ff2,1616,0.0197736367
ff2,1617,0.0196261902
ff2,1618,0.0196185019
ff2,1619,0.0197213374
ff2,1620,0.0198797080
ff2,1621,0.0196217360
ff2,1622,0.0194865758
ff2,1623,0.0198255075
ff2,1624,0.0194425062
ff2,1625,0.0197399322
ff2,1626,0.0192760654
ff2,1627,0.0196186084
ff2,1628,0.0193578809
ff2,1629,0.0196708853
ff2,1630,0.0195030800
ff2,1631,0.0194903071
ff2,1632,0.0195892042
ff2,1633,0.0194460523
ff2,1634,0.0193903706
ff2,1635,0.0194751970
ff2,1636,0.0193918920
ff2,1637,0.0194334305
ff2,1638,0.0194546194
ff2,1639,0.0193196552
ff2,1640,0.0194663746
ff2,1641,0.0195355936
ff2,1642,0.0194446425
ff2,1643,0.0192603784
ff2,1644,0.0194557590
ff2,1645,0.0193861951
ff2,1646,0.0195952995
ff2,1647,0.0195305161
ff2,1648,0.0194160352
ff2,1649,0.0194278528
ff2,1650,0.0193564543
ff2,1651,0.0196005016
ff2,1652,0.0193987268
ff2,1653,0.0194387801
ff2,1654,0.0194016983
ff2,1655,0.0193634280
ff2,1656,0.0194417671
ff2,1657,0.0194342498
ff2,1658,0.0193193886
ff2,1659,0.0193743950
ff2,1660,0.0192322881
ff2,1661,0.0192126475
ff2,1662,0.0190474395
ff2,1663,0.0193587070
ff2,1664,0.0192307568
ff2,1665,0.0193157674
ff2,1666,0.0194241974
ff2,1667,0.0196595009
ff2,1668,0.0194222626
ff2,1669,0.0192070053
ff2,1670,0.0193830657
ff2,1671,0.0192128908
ff2,1672,0.0193404964
ff2,1673,0.0190603938
ff2,1674,0.0192547801
ff2,1675,0.0192790988
ff2,1676,0.0191830953
ff2,1677,0.0195003382
ff2,1678,0.0193558151
ff2,1679,0.0193342746
ff2,1680,0.0192598356
ff2,1681,0.0192468139
ff2,1682,0.0191007454
ff2,1683,0.0191601288
ff2,1684,0.0190665700
ff2,1685,0.0192163618
ff2,1686,0.0190468859
ff2,1687,0.0193894982
ff2,1688,0.0191903932
ff2,1689,0.0191957586
ff2,1690,0.0191227322
ff2,1691,0.0192750741
ff2,1692,0.0192028237
ff2,1693,0.0190010762
ff2,1694,0.0189401067
ff2,1695,0.0192133696
ff2,1696,0.0190114831
ff2,1697,0.0191401511
ff2,1698,0.0190058282
ff2,1699,0.0192560885
ff2,1700,0.0192373495
ff2,1701,0.0192652894
ff2,1702,0.0190664480
ff2,1703,0.0190507913
ff2,1704,0.0190293539
ff2,1705,0.0191646458
ff2,1706,0.0189301422
ff2,1707,0.0192988670
ff2,1708,0.0189983353
ff2,1709,0.0189077019
ff2,1710,0.0193502858
ff2,1711,0.0190777590
ff2,1712,0.0191781677
ff2,1713,0.0191787549
ff2,1714,0.0191083989
ff2,1715,0.0190657113
ff2,1716,0.0191087139
ff2,1717,0.0190661520
ff2,1718,0.0188944993
ff2,1719,0.0189007998
ff2,1720,0.0191051766
ff2,1721,0.0188783781
ff2,1722,0.0189587043
ff2,1723,0.0189065930
ff2,1724,0.0190268854
ff2,1725,0.0191678846
ff2,1726,0.0190601064
ff2,1727,0.0189055765
ff2,1728,0.0189367920
ff2,1729,0.0189818540
ff2,1730,0.0190443894
ff2,1731,0.0192221448
ff2,1732,0.0190513203
ff2,1733,0.0190538548
ff2,1734,0.0191254876
ff2,1735,0.0188232539
ff2,1736,0.0189443669
ff2,1737,0.0187627238
ff2,1738,0.0190842857
ff2,1739,0.0189301924
ff2,1740,0.0187290656
ff2,1741,0.0191357448
ff2,1742,0.0190490061
ff2,1743,0.0188960151
ff2,1744,0.0189287988
ff2,1745,0.0188605516
ff2,1746,0.0185982177
ff2,1747,0.0185767296
ff2,1748,0.0187924151
ff2,1749,0.0189215189
ff2,1750,0.0187681342
ff2,1751,0.0189866524
ff2,1752,0.0190653018
ff2,1753,0.0189893601
ff2,1754,0.0188263369
ff2,1755,0.0187007414
ff2,1756,0.0186410400
ff2,1757,0.0185779982
ff2,1758,0.0188908631
ff2,1759,0.0187920371
ff2,1760,0.0188152680
ff2,1761,0.0188917620
ff2,1762,0.0187837977
ff2,1763,0.0189937065
ff2,1764,0.0189718837
ff2,1765,0.0190048094
ff2,1766,0.0188964254
ff2,1767,0.0188111185
ff2,1768,0.0187593748
ff2,1769,0.0189291728
ff2,1770,0.0187735083
ff2,1771,0.0188770380
ff2,1772,0.0188457969
ff2,1773,0.0186851407
ff2,1774,0.0188899746
ff2,1775,0.0187917859
ff2,1776,0.0188000465
ff2,1777,0.0187916216
ff2,1778,0.0185652751
ff2,1779,0.0188269707
ff2,1780,0.0187991125
ff2,1781,0.0186718281
ff2,1782,0.0185771822
ff2,1783,0.0187817048
ff2,1784,0.0188015009
ff2,1785,0.0186373265
ff2,1786,0.0185459092
ff2,1787,0.0186422386
ff2,1788,0.0185597146
ff2,1789,0.0186805608
ff2,1790,0.0184777084
ff2,1791,0.0186938512
ff2,1792,0.0185563150
ff2,1793,0.0187256168
ff2,1794,0.0190283634
ff2,1795,0.0186055741
ff2,1796,0.0185362951
ff2,1797,0.0186305800
ff2,1798,0.0184913993
ff2,1799,0.0186395827
ff2,1800,0.0187416243
ff2,1801,0.0186923158
ff2,1802,0.0185461944
ff2,1803,0.0185766513
ff2,1804,0.0184876202
ff2,1805,0.0187772874
ff2,1806,0.0185944612
ff2,1807,0.0186204942
ff2,1808,0.0184842914
ff2,1809,0.0184778392
ff2,1810,0.0183764526
ff2,1811,0.0182891290
ff2,1812,0.0185620903
ff2,1813,0.0185265833
ff2,1814,0.0185910201
ff2,1815,0.0185351312
ff2,1816,0.0183501606
ff2,1817,0.0185597043
ff2,1818,0.0184756355
ff2,1819,0.0184494561
ff2,1820,0.0184455621
ff2,1821,0.0184881432
ff2,1822,0.0184752118
ff2,1823,0.0188517816
ff2,1824,0.0185061914
ff2,1825,0.0185165227
ff2,1826,0.0184433103
ff2,1827,0.0184764751
ff2,1828,0.0184892282
ff2,1829,0.0184964604
ff2,1830,0.0183220411
ff2,1831,0.0184559576
ff2,1832,0.0183336982
ff2,1833,0.0184294445
ff2,1834,0.0184610216
ff2,1835,0.0185596830
ff2,1836,0.0184341386
ff2,1837,0.0183603312
ff2,1838,0.0184805815
ff2,1839,0.0183690049
ff2,1840,0.0184449677
ff2,1841,0.0184033138
ff2,1842,0.0184436902
ff2,1843,0.0184294497
ff2,1844,0.0183659281
ff2,1845,0.0183723633
ff2,1846,0.0182845726
ff2,1847,0.0184145506
ff2,1848,0.0185435376
ff2,1849,0.0184460697
ff2,1850,0.0184022839
ff2,1851,0.0183998045
ff2,1852,0.0184015397
ff2,1853,0.0183900565
ff2,1854,0.0182368188
ff2,1855,0.0186257563
ff2,1856,0.0183381526
ff2,1857,0.0184527715
ff2,1858,0.0184277189
ff2,1859,0.0185607736
ff2,1860,0.0182889633
ff2,1861,0.0182641439
ff2,1862,0.0182368509
ff2,1863,0.0182535703
ff2,1864,0.0181177308
ff2,1865,0.0183906644
ff2,1866,0.0183115501
ff2,1867,0.0183272101
ff2,1868,0.0184288774
ff2,1869,0.0183423539
ff2,1870,0.0182404670
ff2,1871,0.0182345440
ff2,1872,0.0183283690
ff2,1873,0.0181771309
ff2,1874,0.0182481922
ff2,1875,0.0184180865
ff2,1876,0.0186573375
ff2,1877,0.0182217193
ff2,1878,0.0183348183
ff2,1879,0.0183176449
ff2,1880,0.0182039195
ff2,1881,0.0182555477
ff2,1882,0.0183194680
ff2,1883,0.0183524102
ff2,1884,0.0181872190
ff2,1885,0.0181706876
ff2,1886,0.0184078191
ff2,1887,0.0182371263
ff2,1888,0.0182061375
ff2,1889,0.0182325438
ff2,1890,0.0181983308
ff2,1891,0.0182885583
ff2,1892,0.0181620176
ff2,1893,0.0183487897
ff2,1894,0.0183192518
ff2,1895,0.0181049904
ff2,1896,0.0182005591
ff2,1897,0.0182361081
ff2,1898,0.0182084105
ff2,1899,0.0181997693
ff2,1900,0.0182902957
ff2,1901,0.0181623596
ff2,1902,0.0182686134
ff2,1903,0.0182077266
ff2,1904,0.0182213568
ff2,1905,0.0182420709
ff2,1906,0.0181067245
ff2,1907,0.0183322016
ff2,1908,0.0181250119
ff2,1909,0.0181262117
ff2,1910,0.0183718777
ff2,1911,0.0182038055
ff2,1912,0.0181818908
ff2,1913,0.0181187230
ff2,1914,0.0181921171
ff2,1915,0.0182252882
ff2,1916,0.0182135871
ff2,1917,0.0181433765
ff2,1918,0.0182546587
ff2,1919,0.0181368223
ff2,1920,0.0182272774
ff2,1921,0.0180686881
ff2,1922,0.0182175439
ff2,1923,0.0182275184
ff2,1924,0.0181301462
ff2,1925,0.0183376315
ff2,1926,0.0181977133
ff2,1927,0.0181747489
ff2,1928,0.0179857556
ff2,1929,0.0181347063
ff2,1930,0.0182691193
ff2,1931,0.0180017328
ff2,1932,0.0180737533
ff2,1933,0.0179546651
ff2,1934,0.0181828966
ff2,1935,0.0181297571
ff2,1936,0.0179105975
ff2,1937,0.0182061944
ff2,1938,0.0181477820
ff2,1939,0.0181067276
ff2,1940,0.0181179873
ff2,1941,0.0181233188
ff2,1942,0.0180617552
ff2,1943,0.0179654653
ff2,1944,0.0181394323
ff2,1945,0.0180502993
ff2,1946,0.0180374882
ff2,1947,0.0181100986
ff2,1948,0.0180435019
ff2,1949,0.0179843299
ff2,1950,0.0180716810
ff2,1951,0.0179618975
ff2,1952,0.0179130277
ff2,1953,0.0178190658
ff2,1954,0.0180065389
ff2,1955,0.0180508043
ff2,1956,0.0182194498
ff2,1957,0.0180129492
ff2,1958,0.0179402306
ff2,1959,0.0180677846
ff2,1960,0.0179634775
ff2,1961,0.0178717752
ff2,1962,0.0180026609
ff2,1963,0.0180132476
ff2,1964,0.0179922397
ff2,1965,0.0178268772
ff2,1966,0.0179192606
ff2,1967,0.0180250858
ff2,1968,0.0180928823
ff2,1969,0.0180136235
ff2,1970,0.0179226672
ff2,1971,0.0182120889
ff2,1972,0.0181196380
ff2,1973,0.0178921275
ff2,1974,0.0180441808
ff2,1975,0.0178813827
ff2,1976,0.0178749227
ff2,1977,0.0179603390
ff2,1978,0.0179442969
ff2,1979,0.0179472227
ff2,1980,0.0179680659
ff2,1981,0.0178225306
ff2,1982,0.0176705379
ff2,1983,0.0178852120
ff2,1984,0.0178850071
ff2,1985,0.0177316259
ff2,1986,0.0179460539
ff2,1987,0.0178865710
ff2,1988,0.0177673741
ff2,1989,0.0180309373
ff2,1990,0.0176526209
ff2,1991,0.0180191330
ff2,1992,0.0179325768
ff2,1993,0.0177567906
ff2,1994,0.0179190029
ff2,1995,0.0180867812
ff2,1996,0.0178881248
ff2,1997,0.0180199924
ff2,1998,0.0177610449
ff2,1999,0.0177953690
ff2,2000,0.0178543995
ff2,2001,0.0178025983
ff2,2002,0.0177710285
ff2,2003,0.0178351501
ff2,2004,0.0180693597
ff2,2005,0.0178507198
ff2,2006,0.0177454810
ff2,2007,0.0177856035
ff2,2008,0.0179575942
ff2,2009,0.0177268466
ff2,2010,0.0179046459
ff2,2011,0.0176191400
ff2,2012,0.0176066977
ff2,2013,0.0178156843
ff2,2014,0.0177325376
ff2,2015,0.0178607429
ff2,2016,0.0176902543
ff2,2017,0.0177022808
ff2,2018,0.0178089068
ff2,2019,0.0177240860
ff2,2020,0.0177937877
ff2,2021,0.0178990039
ff2,2022,0.0177581061
ff2,2023,0.0177436822
ff2,2024,0.0177449160
ff2,2025,0.0175508612
ff2,2026,0.0177105635
ff2,2027,0.0177935433
ff2,2028,0.0178102773
ff2,2029,0.0177585132
ff2,2030,0.0177018150
ff2,2031,0.0176667797
ff2,2032,0.0176504263
ff2,2033,0.0177140729
ff2,2034,0.0177671088
ff2,2035,0.0175333479
ff2,2036,0.0177593126
ff2,2037,0.0176896156
ff2,2038,0.0176719779
ff2,2039,0.0175911642
ff2,2040,0.0176259946
ff2,2041,0.0176931269
ff2,2042,0.0176431386
ff2,2043,0.0176151710
ff2,2044,0.0176656875
ff2,2045,0.0175200980
ff2,2046,0.0175289992
ff2,2047,0.0176643375
ff2,2048,0.0174964721
ff2,2049,0.0176686510
ff2,2050,0.0175950285
ff2,2051,0.0176785814
ff2,2052,0.0175544576
ff2,2053,0.0176545555
ff2,2054,0.0175124217
ff2,2055,0.0176915473
ff2,2056,0.0175964252
ff2,2057,0.0175801153
ff2,2058,0.0174927348
ff2,2059,0.0175972431
ff2,2060,0.0177412472
ff2,2061,0.0175771935
ff2,2062,0.0174764999
ff2,2063,0.0175938629
ff2,2064,0.0176732450
ff2,2065,0.0173903205
ff2,2066,0.0175727673
ff2,2067,0.0175697742
ff2,2068,0.0175390498
ff2,2069,0.0175620661
ff2,2070,0.0175935403
ff2,2071,0.0174746121
ff2,2072,0.0175213265
ff2,2073,0.0174336416
ff2,2074,0.0174778101
ff2,2075,0.0174546677
ff2,2076,0.0174384605
ff2,2077,0.0175482110
ff2,2078,0.0174855088
ff2,2079,0.0175476543
ff2,2080,0.0178297516
ff2,2081,0.0175306352
ff2,2082,0.0174764439
ff2,2083,0.0174758047
ff2,2084,0.0174955437
ff2,2085,0.0176072390
ff2,2086,0.0173273173
ff2,2087,0.0173840669
ff2,2088,0.0175551512
ff2,2089,0.0175313168
ff2,2090,0.0174564509
ff2,2091,0.0174744492
ff2,2092,0.0176783565
ff2,2093,0.0174695816
ff2,2094,0.0174500336
ff2,2095,0.0174877798
ff2,2096,0.0173943807
ff2,2097,0.0174635086
ff2,2098,0.0175655153
ff2,2099,0.0173386585
ff2,2100,0.0173937227
ff2,2101,0.0174362360
ff2,2102,0.0176262465
ff2,2103,0.0174091834
ff2,2104,0.0175646980
ff2,2105,0.0175752546
ff2,2106,0.0176042768
ff2,2107,0.0175466578
ff2,2108,0.0173188282
ff2,2109,0.0174562294
ff2,2110,0.0173600517
ff2,2111,0.0174496024
ff2,2112,0.0173685554
ff2,2113,0.0174377816
ff2,2114,0.0174216307
ff2,2115,0.0174031207
ff2,2116,0.0173532101
ff2,2117,0.0173665370
ff2,2118,0.0173365605
ff2,2119,0.0172625713
ff2,2120,0.0173612855
ff2,2121,0.0174018968
ff2,2122,0.0173192921
ff2,2123,0.0173714934
ff2,2124,0.0173615162
ff2,2125,0.0173734149
ff2,2126,0.0173429456
ff2,2127,0.0174391251
ff2,2128,0.0173591820
ff2,2129,0.0173382803
ff2,2130,0.0173140056
ff2,2131,0.0173229332
ff2,2132,0.0172212811
ff2,2133,0.0172906778
ff2,2134,0.0172777662
ff2,2135,0.0173782064
ff2,2136,0.0172381014
ff2,2137,0.0172914909
ff2,2138,0.0173936636
ff2,2139,0.0175556041
ff2,2140,0.0174394169
ff2,2141,0.0172619645
ff2,2142,0.0172272561
ff2,2143,0.0172882860
ff2,2144,0.0174461120
ff2,2145,0.0172857242
ff2,2146,0.0172719962
ff2,2147,0.0172406124
ff2,2148,0.0173376449
ff2,2149,0.0171545778
ff2,2150,0.0173027178
ff2,2151,0.0172753728
ff2,2152,0.0172281683
ff2,2153,0.0173701303
ff2,2154,0.0173008670
ff2,2155,0.0171731671
ff2,2156,0.0171677022
ff2,2157,0.0171576872
ff2,2158,0.0171904061
ff2,2159,0.0172263371
ff2,2160,0.0171026120
ff2,2161,0.0173949809
ff2,2162,0.0171866698
ff2,2163,0.0171853876
ff2,2164,0.0173148742
ff2,2165,0.0168580336
ff2,2166,0.0171582246
ff2,2167,0.0173748415
ff2,2168,0.0172712160
ff2,2169,0.0171892509
ff2,2170,0.0173124382
ff2,2171,0.0170570681
ff2,2172,0.0171280835
ff2,2173,0.0171888029
ff2,2174,0.0170957704
ff2,2175,0.0173310931
ff2,2176,0.0172461001
ff2,2177,0.0171637405
ff2,2178,0.0171643075
ff2,2179,0.0170062529
ff2,2180,0.0172482391
ff2,2181,0.0171382698
ff2,2182,0.0172361100
ff2,2183,0.0172059982
ff2,2184,0.0172580975
ff2,2185,0.0172450751
ff2,2186,0.0171999370
ff2,2187,0.0170970613
ff2,2188,0.0172507042
ff2,2189,0.0171392589
ff2,2190,0.0171835316
ff2,2191,0.0170978792
ff2,2192,0.0171564314
ff2,2193,0.0170688681
ff2,2194,0.0171076480
ff2,2195,0.0169764775
ff2,2196,0.0170291650
ff2,2197,0.0170551233
ff2,2198,0.0170954887
ff2,2199,0.0169067461
ff2,2200,0.0170717916
ff2,2201,0.0171935823
ff2,2202,0.0167533715
ff2,2203,0.0170555935
ff2,2204,0.0169825391
ff2,2205,0.0170322080
ff2,2206,0.0171352188
ff2,2207,0.0169005273
ff2,2208,0.0169119002
ff2,2209,0.0170098122
ff2,2210,0.0171050431
ff2,2211,0.0169451540
ff2,2212,0.0169283371
ff2,2213,0.0170565033
ff2,2214,0.0170653984
ff2,2215,0.0170464025
ff2,2216,0.0170073518
ff2,2217,0.0169416624
ff2,2218,0.0169651126
ff2,2219,0.0169166912
ff2,2220,0.0169708030
ff2,2221,0.0171063131
ff2,2222,0.0170203037
ff2,2223,0.0169449400
ff2,2224,0.0169737687
ff2,2225,0.0170170639
ff2,2226,0.0169552625
ff2,2227,0.0169003637
ff2,2228,0.0169505418
ff2,2229,0.0168626127
ff2,2230,0.0169267400
ff2,2231,0.0169699343
ff2,2232,0.0169380350
ff2,2233,0.0169129367
ff2,2234,0.0168674581
ff2,2235,0.0168372021
ff2,2236,0.0169635188
ff2,2237,0.0167480467
ff2,2238,0.0170216572
ff2,2239,0.0169558502
ff2,2240,0.0171970007
ff2,2241,0.0170037420
ff2,2242,0.0169389983
ff2,2243,0.0168015761
ff2,2244,0.0168612213
ff2,2245,0.0169343674
ff2,2246,0.0168933378
ff2,2247,0.0168501304
ff2,2248,0.0167288870
ff2,2249,0.0168141480
ff2,2250,0.0170143542
ff2,2251,0.0169172147
ff2,2252,0.0168709321
ff2,2253,0.0167086841
ff2,2254,0.0168755400
ff2,2255,0.0170775790
ff2,2256,0.0165914037
ff2,2257,0.0169020822
ff2,2258,0.0168148829
ff2,2259,0.0168569414
ff2,2260,0.0167696603
ff2,2261,0.0167714676
ff2,2262,0.0168083423
ff2,2263,0.0167800185
ff2,2264,0.0169413026
ff2,2265,0.0168777256
ff2,2266,0.0166830422
ff2,2267,0.0168251434
ff2,2268,0.0167498966
ff2,2269,0.0167221045
ff2,2270,0.0167984962
ff2,2271,0.0164831867
ff2,2272,0.0167217229
ff2,2273,0.0167357214
ff2,2274,0.0169748187
ff2,2275,0.0167764707
ff2,2276,0.0167346149
ff2,2277,0.0166946114
ff2,2278,0.0167353553
ff2,2279,0.0166612136
ff2,2280,0.0168277140
ff2,2281,0.0166622226
ff2,2282,0.0166687994
ff2,2283,0.0167628425
ff2,2284,0.0166883301
ff2,2285,0.0167340367
ff2,2286,0.0167486604
ff2,2287,0.0166041498
ff2,2288,0.0167486581
ff2,2289,0.0166188293
ff2,2290,0.0166442879
ff2,2291,0.0167910004
ff2,2292,0.0166650137
ff2,2293,0.0168118829
ff2,2294,0.0167896271
ff2,2295,0.0167305711
ff2,2296,0.0166851301
ff2,2297,0.0166804670
ff2,2298,0.0167240031
ff2,2299,0.0166134424
ff2,2300,0.0167347321
ff2,2301,0.0166360260
ff2,2302,0.0166299807
ff2,2303,0.0167197371
ff2,2304,0.0166271881
ff2,2305,0.0166365558
ff2,2306,0.0166225823
ff2,2307,0.0166675006
ff2,2308,0.0165763730
ff2,2309,0.0164898035
ff2,2310,0.0165647361
ff2,2311,0.0165979671
ff2,2312,0.0167792209
ff2,2313,0.0165609327
ff2,2314,0.0166503892
ff2,2315,0.0168370529
ff2,2316,0.0165587507
ff2,2317,0.0165921457
ff2,2318,0.0167277062
ff2,2319,0.0166761265
ff2,2320,0.0168791944
ff2,2321,0.0165181299
ff2,2322,0.0165134610
ff2,2323,0.0165232260
ff2,2324,0.0166571986
ff2,2325,0.0166024561
ff2,2326,0.0163716267
ff2,2327,0.0166312489
ff2,2328,0.0166164676
ff2,2329,0.0166132115
ff2,2330,0.0164629346
ff2,2331,0.0165620995
ff2,2332,0.0165456669
ff2,2333,0.0165506361
ff2,2334,0.0165241834
ff2,2335,0.0165288289
ff2,2336,0.0165929268
ff2,2337,0.0164607706
ff2,2338,0.0165664923
ff2,2339,0.0166390806
ff2,2340,0.0165980092
ff2,2341,0.0165393884
ff2,2342,0.0165466837
ff2,2343,0.0164904710
ff2,2344,0.0165911070
ff2,2345,0.0164109716
ff2,2346,0.0165040841
ff2,2347,0.0165673881
ff2,2348,0.0164939049
ff2,2349,0.0165313979
ff2,2350,0.0165975627
ff2,2351,0.0165494181
ff2,2352,0.0164436121
ff2,2353,0.0163254053
ff2,2354,0.0163894539
ff2,2355,0.0166315982
ff2,2356,0.0164625483
ff2,2357,0.0165997955
ff2,2358,0.0163895371
ff2,2359,0.0165137736
ff2,2360,0.0165226226
ff2,2361,0.0164963034
ff2,2362,0.0165223830
ff2,2363,0.0163239065
ff2,2364,0.0164661493
ff2,2365,0.0164775798
ff2,2366,0.0162481180
ff2,2367,0.0165320219
ff2,2368,0.0164229684
ff2,2369,0.0165855628
ff2,2370,0.0165700282
ff2,2371,0.0162285239
ff2,2372,0.0165123736
ff2,2373,0.0164152584
ff2,2374,0.0165031521
ff2,2375,0.0163230305
ff2,2376,0.0163734021
ff2,2377,0.0163214506
ff2,2378,0.0165106059
ff2,2379,0.0162972840
ff2,2380,0.0163452485
ff2,2381,0.0163836734
ff2,2382,0.0164647969
ff2,2383,0.0161574352
ff2,2384,0.0163625120
ff2,2385,0.0164775742
ff2,2386,0.0162924096
ff2,2387,0.0164084714
ff2,2388,0.0165468055
ff2,2389,0.0163013890
ff2,2390,0.0165057319
ff2,2391,0.0163391870
ff2,2392,0.0163554395
ff2,2393,0.0164909856
ff2,2394,0.0165023347
ff2,2395,0.0163142785
ff2,2396,0.0164509248
ff2,2397,0.0164551366
ff2,2398,0.0162731694
ff2,2399,0.0164501670
ff2,2400,0.0163028514
ff2,2401,0.0163427845
ff2,2402,0.0164047577
ff2,2403,0.0160268620
ff2,2404,0.0164629009
ff2,2405,0.0162812513
ff2,2406,0.0164584942
ff2,2407,0.0162463053
ff2,2408,0.0162407292
ff2,2409,0.0162808350
ff2,2410,0.0164229939
ff2,2411,0.0159070019
ff2,2412,0.0163245439
ff2,2413,0.0162653158
ff2,2414,0.0162900883
ff2,2415,0.0162944954
ff2,2416,0.0162657933
ff2,2417,0.0163315172
ff2,2418,0.0161806610
ff2,2419,0.0163965918
ff2,2420,0.0162400281
ff2,2421,0.0162806677
ff2,2422,0.0161376315
ff2,2423,0.0163617969
ff2,2424,0.0162344310
ff2,2425,0.0161904758
ff2,2426,0.0164241784
ff2,2427,0.0162905359
ff2,2428,0.0161096961
ff2,2429,0.0162318132
ff2,2430,0.0162000133
ff2,2431,0.0162550611
ff2,2432,0.0162393635
ff2,2433,0.0162088491
ff2,2434,0.0162424865
ff2,2435,0.0163413261
ff2,2436,0.0163097115
ff2,2437,0.0161503048
ff2,2438,0.0161104090
ff2,2439,0.0161375691
ff2,2440,0.0161908798
ff2,2441,0.0161383759
ff2,2442,0.0161889851
ff2,2443,0.0162840495
ff2,2444,0.0161025363
ff2,2445,0.0162055998
ff2,2446,0.0161199925
ff2,2447,0.0161979244
ff2,2448,0.0162712808
ff2,2449,0.0162354631
ff2,2450,0.0162461415
ff2,2451,0.0163300285
ff2,2452,0.0160764205
ff2,2453,0.0162162425
ff2,2454,0.0161894311
ff2,2455,0.0160834977
ff2,2456,0.0161424656
ff2,2457,0.0162099462
ff2,2458,0.0161726918
ff2,2459,0.0161744991
ff2,2460,0.0160998507
ff2,2461,0.0162382623
ff2,2462,0.0162843167
ff2,2463,0.0161349106
ff2,2464,0.0161729007
ff2,2465,0.0162974596
ff2,2466,0.0160270316
ff2,2467,0.0159699893
ff2,2468,0.0160874497
ff2,2469,0.0160885963
ff2,2470,0.0159412819
ff2,2471,0.0161185372
ff2,2472,0.0159552018
ff2,2473,0.0162060041
ff2,2474,0.0163289195
ff2,2475,0.0160241048
ff2,2476,0.0159873628
ff2,2477,0.0160968755
ff2,2478,0.0161660744
ff2,2479,0.0161916143
ff2,2480,0.0160332587
ff2,2481,0.0160945471
ff2,2482,0.0160785837
ff2,2483,0.0160147750
ff2,2484,0.0159349960
ff2,2485,0.0160408197
ff2,2486,0.0160125334
ff2,2487,0.0159039350
ff2,2488,0.0159570272
ff2,2489,0.0159965356
ff2,2490,0.0160948564
ff2,2491,0.0160247980
ff2,2492,0.0159912945
ff2,2493,0.0159351285
ff2,2494,0.0158909644
ff2,2495,0.0159652220
ff2,2496,0.0161422423
ff2,2497,0.0161793715
ff2,2498,0.0161626753
ff2,2499,0.0158852745
ff2,2500,0.0160880886
ff2,2501,0.0161711730
ff2,2502,0.0160216589
ff2,2503,0.0160080073
ff2,2504,0.0158533848
ff2,2505,0.0160419113
ff2,2506,0.0160315542
ff2,2507,0.0159454372
ff2,2508,0.0158431101
ff2,2509,0.0159875912
ff2,2510,0.0160400936
ff2,2511,0.0159948632
ff2,2512,0.0159762160
ff2,2513,0.0159470515
ff2,2514,0.0160391379
ff2,2515,0.0161024707
ff2,2516,0.0159574930
ff2,2517,0.0157910304
ff2,2518,0.0160556430
ff2,2519,0.0158482451
ff2,2520,0.0158761359
ff2,2521,0.0160332188
ff2,2522,0.0158223776
ff2,2523,0.0159618294
ff2,2524,0.0159033200
ff2,2525,0.0160097796
ff2,2526,0.0159656081
ff2,2527,0.0158299830
ff2,2528,0.0158452469
ff2,2529,0.0159868301
ff2,2530,0.0158559304
ff2,2531,0.0160605498
ff2,2532,0.0160393886
ff2,2533,0.0154435665
ff2,2534,0.0157643283
ff2,2535,0.0159588782
ff2,2536,0.0159504230
ff2,2537,0.0158627780
ff2,2538,0.0157007920
ff2,2539,0.0158506969
ff2,2540,0.0158369961
ff2,2541,0.0158546469
ff2,2542,0.0158052216
ff2,2543,0.0158520200
ff2,2544,0.0158966781
ff2,2545,0.0159503514
ff2,2546,0.0158331684
ff2,2547,0.0158296519
ff2,2548,0.0159021535
ff2,2549,0.0158894114
ff2,2550,0.0158728611
ff2,2551,0.0158554915
ff2,2552,0.0156970586
ff2,2553,0.0157929093
ff2,2554,0.0158895293
ff2,2555,0.0157289363
ff2,2556,0.0157031526
ff2,2557,0.0157238695
ff2,2558,0.0159064390
ff2,2559,0.0158061695
ff2,2560,0.0160198848
ff2,2561,0.0156829427
ff2,2562,0.0155785929
ff2,2563,0.0158559836
ff2,2564,0.0158246744
ff2,2565,0.0158508297
ff2,2566,0.0157010784
ff2,2567,0.0157620478
ff2,2568,0.0158748691
ff2,2569,0.0157015528
ff2,2570,0.0158785428
ff2,2571,0.0156064335
ff2,2572,0.0157079458
ff2,2573,0.0157418336
ff2,2574,0.0155811788
ff2,2575,0.0157792575
ff2,2576,0.0158610772
ff2,2577,0.0158225228
ff2,2578,0.0157924853
ff2,2579,0.0158398036
ff2,2580,0.0156282020
ff2,2581,0.0157159101
ff2,2582,0.0157762104
ff2,2583,0.0158032514
ff2,2584,0.0157332712
ff2,2585,0.0156696699
ff2,2586,0.0158560179
ff2,2587,0.0156859328
ff2,2588,0.0153974027
ff2,2589,0.0156857563
ff2,2590,0.0157550416
ff2,2591,0.0157246283
ff2,2592,0.0156857546
ff2,2593,0.0156677597
ff2,2594,0.0158415958
ff2,2595,0.0154655091
ff2,2596,0.0157702195
ff2,2597,0.0155482101
ff2,2598,0.0158165296
ff2,2599,0.0156503011
ff2,2600,0.0156765469
ff2,2601,0.0157772232
ff2,2602,0.0156782828
ff2,2603,0.0156379944
ff2,2604,0.0156831404
ff2,2605,0.0157700160
ff2,2606,0.0156309258
ff2,2607,0.0158853222
ff2,2608,0.0157027436
ff2,2609,0.0156782444
ff2,2610,0.0156875334
ff2,2611,0.0157166147
ff2,2612,0.0155454838
ff2,2613,0.0156594713
ff2,2614,0.0156625484
ff2,2615,0.0155554087
ff2,2616,0.0156882437
ff2,2617,0.0153987614
ff2,2618,0.0157207606
ff2,2619,0.0156419732
ff2,2620,0.0157489296
ff2,2621,0.0156844665
ff2,2622,0.0155100868
ff2,2623,0.0157491203
ff2,2624,0.0155830695
ff2,2625,0.0157070242
ff2,2626,0.0156309479
ff2,2627,0.0155534824
ff2,2628,0.0155405462
ff2,2629,0.0154679005
ff2,2630,0.0156232127
ff2,2631,0.0155676827
ff2,2632,0.0155929058
ff2,2633,0.0154527438
ff2,2634,0.0156592500
ff2,2635,0.0157742264
ff2,2636,0.0155362902
ff2,2637,0.0158116347
ff2,2638,0.0156466360
ff2,2639,0.0156765415
ff2,2640,0.0154430527
ff2,2641,0.0155379216
ff2,2642,0.0156201639
ff2,2643,0.0154154238
ff2,2644,0.0152918606
ff2,2645,0.0154838733
ff2,2646,0.0153992355
ff2,2647,0.0153876716
ff2,2648,0.0155540303
ff2,2649,0.0153760409
ff2,2650,0.0155018605
ff2,2651,0.0155538512
ff2,2652,0.0154158094
ff2,2653,0.0156667193
ff2,2654,0.0154171600
ff2,2655,0.0154935571
ff2,2656,0.0154439301
ff2,2657,0.0155831192
ff2,2658,0.0153944247
ff2,2659,0.0155864300
ff2,2660,0.0153895753
ff2,2661,0.0154538460
ff2,2662,0.0155746128
ff2,2663,0.0154702974
ff2,2664,0.0153781041
ff2,2665,0.0156332017
ff2,2666,0.0156659839
ff2,2667,0.0153632707
ff2,2668,0.0154626329
ff2,2669,0.0154168098
ff2,2670,0.0156300626
ff2,2671,0.0155457849
ff2,2672,0.0154360628
ff2,2673,0.0153493448
ff2,2674,0.0154240449
ff2,2675,0.0153672928
ff2,2676,0.0153972937
ff2,2677,0.0155434101
ff2,2678,0.0153511098
ff2,2679,0.0154867163
ff2,2680,0.0155006269
ff2,2681,0.0156026484
ff2,2682,0.0154532131
ff2,2683,0.0154716957
ff2,2684,0.0153795722
ff2,2685,0.0154105979
ff2,2686,0.0154158401
ff2,2687,0.0154002395
ff2,2688,0.0154671488
ff2,2689,0.0154515813
ff2,2690,0.0152678707
ff2,2691,0.0154629833
ff2,2692,0.0153668628
ff2,2693,0.0153715140
ff2,2694,0.0153821244
ff2,2695,0.0154974609
ff2,2696,0.0153243519
ff2,2697,0.0153663066
ff2,2698,0.0153774740
ff2,2699,0.0153973673
ff2,2700,0.0155408091
ff2,2701,0.0153736889
ff2,2702,0.0153942794
ff2,2703,0.0153037892
ff2,2704,0.0154656478
ff2,2705,0.0153715705
ff2,2706,0.0153448792
ff2,2707,0.0153827680
ff2,2708,0.0154097788
ff2,2709,0.0153951160
ff2,2710,0.0154067582
ff2,2711,0.0153230256
ff2,2712,0.0153209103
ff2,2713,0.0152775449
ff2,2714,0.0153102708
ff2,2715,0.0153564280
ff2,2716,0.0153988789
ff2,2717,0.0152644865
ff2,2718,0.0153043927
ff2,2719,0.0152369650
ff2,2720,0.0152726144
ff2,2721,0.0153370718
ff2,2722,0.0153016677
ff2,2723,0.0154597425
ff2,2724,0.0153160869
ff2,2725,0.0153005927
ff2,2726,0.0153332863
ff2,2727,0.0152552508
ff2,2728,0.0152765534
ff2,2729,0.0153285614
ff2,2730,0.0152440950
ff2,2731,0.0154105944
ff2,2732,0.0153068097
ff2,2733,0.0152566328
ff2,2734,0.0154659202
ff2,2735,0.0152702169
ff2,2736,0.0152642721
ff2,2737,0.0155008417
ff2,2738,0.0151303432
ff2,2739,0.0150170181
ff2,2740,0.0153129052
ff2,2741,0.0153232965
ff2,2742,0.0152825200
ff2,2743,0.0152019238
ff2,2744,0.0152606954
ff2,2745,0.0154681146
ff2,2746,0.0153192595
ff2,2747,0.0152569473
ff2,2748,0.0152485570
ff2,2749,0.0150927723
ff2,2750,0.0151350097
ff2,2751,0.0153073514
ff2,2752,0.0152787186
ff2,2753,0.0152631048
ff2,2754,0.0152953444
ff2,2755,0.0152374973
ff2,2756,0.0152309429
ff2,2757,0.0152453563
ff2,2758,0.0151971170
ff2,2759,0.0152921138
ff2,2760,0.0152477883
ff2,2761,0.0153179099
ff2,2762,0.0152126822
ff2,2763,0.0152209370
ff2,2764,0.0153066597
ff2,2765,0.0152165095
ff2,2766,0.0152835910
ff2,2767,0.0152767429
ff2,2768,0.0152673837
ff2,2769,0.0152948441
ff2,2770,0.0150894025
ff2,2771,0.0152995892
ff2,2772,0.0152616722
ff2,2773,0.0152075994
ff2,2774,0.0150518586
ff2,2775,0.0151246975
ff2,2776,0.0151540722
ff2,2777,0.0152432356
ff2,2778,0.0152447177
ff2,2779,0.0151557202
ff2,2780,0.0152453505
ff2,2781,0.0152563729
ff2,2782,0.0152039992
ff2,2783,0.0151799845
ff2,2784,0.0151495470
ff2,2785,0.0151874493
ff2,2786,0.0151254985
ff2,2787,0.0149360918
ff2,2788,0.0152000052
ff2,2789,0.0150572970
ff2,2790,0.0150693513
ff2,2791,0.0152521198
ff2,2792,0.0150520762
ff2,2793,0.0150958036
ff2,2794,0.0154712018
ff2,2795,0.0150140725
ff2,2796,0.0150860352
ff2,2797,0.0150893759
ff2,2798,0.0151793205
ff2,2799,0.0150790694
ff2,2800,0.0150293830
ff2,2801,0.0149197604
ff2,2802,0.0150609607
ff2,2803,0.0151735819
ff2,2804,0.0151216209
ff2,2805,0.0150204878
ff2,2806,0.0149425408
ff2,2807,0.0148997372
ff2,2808,0.0151446969
ff2,2809,0.0151494265
ff2,2810,0.0151438588
ff2,2811,0.0151684586
ff2,2812,0.0152106497
ff2,2813,0.0150872556
ff2,2814,0.0150265574
ff2,2815,0.0151420476
ff2,2816,0.0151536406
ff2,2817,0.0150667934
ff2,2818,0.0151560410
ff2,2819,0.0150270428
ff2,2820,0.0150745409
ff2,2821,0.0150440776
ff2,2822,0.0149444801
ff2,2823,0.0151026856
ff2,2824,0.0151489812
ff2,2825,0.0150735420
ff2,2826,0.0150729518
ff2,2827,0.0150299872
ff2,2828,0.0151736699
ff2,2829,0.0151633000
ff2,2830,0.0149694180
ff2,2831,0.0150790201
ff2,2832,0.0150420312
ff2,2833,0.0151201951
ff2,2834,0.0150377407
ff2,2835,0.0150299082
ff2,2836,0.0151460069
ff2,2837,0.0150264397
ff2,2838,0.0150148597
ff2,2839,0.0150790933
ff2,2840,0.0149760528
ff2,2841,0.0151554838
ff2,2842,0.0149833566
ff2,2843,0.0150325866
ff2,2844,0.0150007464
ff2,2845,0.0151274878
ff2,2846,0.0149720324
ff2,2847,0.0152368160
ff2,2848,0.0149593667
ff2,2849,0.0149615487
ff2,2850,0.0150041331
ff2,2851,0.0150097765
ff2,2852,0.0149793857
ff2,2853,0.0150227403
ff2,2854,0.0149535525
ff2,2855,0.0149767429
ff2,2856,0.0149957116
ff2,2857,0.0149740921
ff2,2858,0.0150327418
ff2,2859,0.0150708955
ff2,2860,0.0148967336
ff2,2861,0.0150173944
ff2,2862,0.0149121030
ff2,2863,0.0148975915
ff2,2864,0.0148976813
ff2,2865,0.0149554437
ff2,2866,0.0150548261
ff2,2867,0.0149777061
ff2,2868,0.0149098483
ff2,2869,0.0149658562
ff2,2870,0.0148510469
ff2,2871,0.0150341498
ff2,2872,0.0149431668
ff2,2873,0.0149248275
ff2,2874,0.0148652363
ff2,2875,0.0149507251
ff2,2876,0.0150221272
ff2,2877,0.0147986226
ff2,2878,0.0150271452
ff2,2879,0.0148151304
ff2,2880,0.0148523388
ff2,2881,0.0150660463
ff2,2882,0.0149374260
ff2,2883,0.0149795546
ff2,2884,0.0149703839
ff2,2885,0.0149659703
ff2,2886,0.0148655916
ff2,2887,0.0148811799
ff2,2888,0.0148382633
ff2,2889,0.0149037917
ff2,2890,0.0148340331
ff2,2891,0.0148581795
ff2,2892,0.0148874497
ff2,2893,0.0148871976
ff2,2894,0.0148326266
ff2,2895,0.0148399460
ff2,2896,0.0148974353
ff2,2897,0.0149096704
ff2,2898,0.0148175538
ff2,2899,0.0148125237
ff2,2900,0.0148986580
ff2,2901,0.0150391092
ff2,2902,0.0148304377
ff2,2903,0.0150101881
ff2,2904,0.0148988771
ff2,2905,0.0149710855
ff2,2906,0.0147475489
ff2,2907,0.0147965685
ff2,2908,0.0148138012
ff2,2909,0.0149485557
ff2,2910,0.0147813425
ff2,2911,0.0150359437
ff2,2912,0.0148420388
ff2,2913,0.0147564447
ff2,2914,0.0149279985
ff2,2915,0.0149095040
ff2,2916,0.0147385405
ff2,2917,0.0148430453
ff2,2918,0.0147709703
ff2,2919,0.0148996581
ff2,2920,0.0148021540
ff2,2921,0.0149412386
ff2,2922,0.0146970013
ff2,2923,0.0148457405
ff2,2924,0.0148068784
ff2,2925,0.0148362514
ff2,2926,0.0148304079
ff2,2927,0.0149954634
ff2,2928,0.0148752530
ff2,2929,0.0147351791
ff2,2930,0.0150209079
ff2,2931,0.0148262688
ff2,2932,0.0148316877
ff2,2933,0.0148526653
ff2,2934,0.0148140228
ff2,2935,0.0148060277
ff2,2936,0.0147282746
ff2,2937,0.0147066145
ff2,2938,0.0147681554
ff2,2939,0.0147987603
ff2,2940,0.0147841742
ff2,2941,0.0147280634
ff2,2942,0.0147593718
ff2,2943,0.0147999518
ff2,2944,0.0148036505
ff2,2945,0.0148274011
ff2,2946,0.0150067675
ff2,2947,0.0145643353
ff2,2948,0.0146627342
ff2,2949,0.0146760519
ff2,2950,0.0148057789
ff2,2951,0.0147460968
ff2,2952,0.0149055606
ff2,2953,0.0147830398
ff2,2954,0.0147524346
ff2,2955,0.0147247642
ff2,2956,0.0148931285
ff2,2957,0.0147762717
ff2,2958,0.0145824860
ff2,2959,0.0147710522
ff2,2960,0.0146514580
ff2,2961,0.0146901491
ff2,2962,0.0147658271
ff2,2963,0.0147640510
ff2,2964,0.0148440234
ff2,2965,0.0147502192
ff2,2966,0.0146400718
ff2,2967,0.0148380353
ff2,2968,0.0146867483
ff2,2969,0.0148698157
ff2,2970,0.0148199122
ff2,2971,0.0145671202
ff2,2972,0.0146997693
ff2,2973,0.0147175067
ff2,2974,0.0148285344
ff2,2975,0.0146930040
ff2,2976,0.0147580784
ff2,2977,0.0146979965
ff2,2978,0.0146509275
ff2,2979,0.0148009895
ff2,2980,0.0145489839
ff2,2981,0.0146783943
ff2,2982,0.0146911322
ff2,2983,0.0147706361
ff2,2984,0.0147602095
ff2,2985,0.0146974104
ff2,2986,0.0148131308
ff2,2987,0.0146840564
ff2,2988,0.0146973600
ff2,2989,0.0146834067
ff2,2990,0.0147299209
ff2,2991,0.0146187879
ff2,2992,0.0146944180
ff2,2993,0.0146850777
ff2,2994,0.0147001649
ff2,2995,0.0146121787
ff2,2996,0.0147850019
ff2,2997,0.0145918524
ff2,2998,0.0146432911
ff2,2999,0.0146837123
ff2,3000,0.0145043642
ff3,1,0.4999999999
ff3,2,0.3168978161
ff3,3,0.3169872818
ff3,4,0.3169851523
ff3,5,0.3169379135
ff3,6,0.3169857667
ff3,7,0.3169826095
ff3,8,0.3169868535
ff3,9,0.3169867054
ff3,10,0.2506282275
ff3,11,0.2506320708
ff3,12,0.2506417453
ff3,13,0.2506234662
ff3,14,0.2506223007
ff3,15,0.2506285041
ff3,16,0.2247718467
ff3,17,0.2247466996
ff3,18,0.2247883821
ff3,19,0.2247441838
ff3,20,0.2247428049
ff3,21,0.2248196616
ff3,22,0.2247453503
ff3,23,0.2246599935
ff3,24,0.2247466181
ff3,25,0.2246499159
ff3,26,0.2246251065
ff3,27,0.2245824648
ff3,28,0.2009186284
ff3,29,0.2009477282
ff3,30,0.2009226867
ff3,31,0.2003375655
ff3,32,0.1976784768
ff3,33,0.2008759397
ff3,34,0.1941270880
ff3,35,0.1913751103
ff3,36,0.2009253242
ff3,37,0.1892277906
ff3,38,0.1891464066
ff3,39,0.1808613743
ff3,40,0.1808082745
ff3,41,0.1818692186
ff3,42,0.1808206280
ff3,43,0.1810037981
ff3,44,0.1806315862
ff3,45,0.1805864891
ff3,46,0.1808061671
ff3,47,0.1805313596
ff3,48,0.1797427662
ff3,49,0.1795110359
ff3,50,0.1806845357
ff3,51,0.1794334616
ff3,52,0.1790308472
ff3,53,0.1792777901
ff3,54,0.1794828010
ff3,55,0.1737581043
ff3,56,0.1736851121
ff3,57,0.1787943988
ff3,58,0.1737748581
ff3,59,0.1735834132
ff3,60,0.1723564137
ff3,61,0.1736892039
ff3,62,0.1729042161
ff3,63,0.1736356530
ff3,64,0.1734351548
ff3,65,0.1735210734
ff3,66,0.1736812321
ff3,67,0.1736957028
ff3,68,0.1730731329
ff3,69,0.1736937542
ff3,70,0.1733894051
ff3,71,0.1730275814
ff3,72,0.1697597759
ff3,73,0.1651603419
ff3,74,0.1718426784
ff3,75,0.1651568141
ff3,76,0.1650681882
ff3,77,0.1643468686
ff3,78,0.1651373140
ff3,79,0.1646968189
ff3,80,0.1653921460
ff3,81,0.1668120429
ff3,82,0.1650400082
ff3,83,0.1654160845
ff3,84,0.1650983620
ff3,85,0.1647337528
ff3,86,0.1645922621
ff3,87,0.1651121672
ff3,88,0.1632134791
ff3,89,0.1651118338
ff3,90,0.1622051759
ff3,91,0.1650358232
ff3,92,0.1636460272
ff3,93,0.1596474951
ff3,94,0.1493625964
ff3,95,0.1599928313
ff3,96,0.1474992703
ff3,97,0.1474755631
ff3,98,0.1497927425
ff3,99,0.1485357228
ff3,100,0.1465259615
ff3,101,0.1478792803
ff3,102,0.1470093892
ff3,103,0.1473294124
ff3,104,0.1497100698
ff3,105,0.1439389085
ff3,106,0.1443989283
ff3,107,0.1445077130
ff3,108,0.1465414366
ff3,109,0.1415750738
ff3,110,0.1414764106
ff3,111,0.1389410318
ff3,112,0.1402870675
ff3,113,0.1460365062
ff3,114,0.1439237718
ff3,115,0.1395067405
ff3,116,0.1387863636
ff3,117,0.1400020065
ff3,118,0.1399461464
ff3,119,0.1374656509
ff3,120,0.1381806750
ff3,121,0.1362881825
ff3,122,0.1369790231
ff3,123,0.1365672559
ff3,124,0.1366538292
ff3,125,0.1379885176
ff3,126,0.1382926965
ff3,127,0.1351560209
ff3,128,0.1366965566
ff3,129,0.1362031587
ff3,130,0.1322104886
ff3,131,0.1334058262
ff3,132,0.1342605514
ff3,133,0.1320758047
ff3,134,0.1321364343
ff3,135,0.1341876377
ff3,136,0.1356583399
ff3,137,0.1354319653
ff3,138,0.1323887568
ff3,139,0.1328935500
ff3,140,0.1337102467
ff3,141,0.1321650598
ff3,142,0.1330624715
ff3,143,0.1326242952
ff3,144,0.1321508871
ff3,145,0.1353424310
ff3,146,0.1333722651
ff3,147,0.1328804279
ff3,148,0.1322204900
ff3,149,0.1318680047
ff3,150,0.1325241403
ff3,151,0.1304876889
ff3,152,0.1318187764
ff3,153,0.1312431877
ff3,154,0.1322903562
ff3,155,0.1312213720
ff3,156,0.1317031392
ff3,157,0.1297039594
ff3,158,0.1285323164
ff3,159,0.1286021875
ff3,160,0.1301643075
ff3,161,0.1290686454
ff3,162,0.1281596604
ff3,163,0.1291224955
ff3,164,0.1311478723
ff3,165,0.1288104650
ff3,166,0.1279082263
ff3,167,0.1285046321
ff3,168,0.1271908588
ff3,169,0.1269735517
ff3,170,0.1287630170
ff3,171,0.1269000021
ff3,172,0.1278258909
ff3,173,0.1273440894
ff3,174,0.1303897871
ff3,175,0.1260383878
ff3,176,0.1262876389
ff3,177,0.1287644519
ff3,178,0.1262574984
ff3,179,0.1271872379
ff3,180,0.1288376077
ff3,181,0.1253558687
ff3,182,0.1261742522
ff3,183,0.1263830457
ff3,184,0.1271372956
ff3,185,0.1257410850
ff3,186,0.1260850001
ff3,187,0.1256655044
ff3,188,0.1277907512
ff3,189,0.1257062186
ff3,190,0.1251184609
ff3,191,0.1261531598
ff3,192,0.1274166132
ff3,193,0.1254861518
ff3,194,0.1260735914
ff3,195,0.1249333060
ff3,196,0.1285045799
ff3,197,0.1239789498
ff3,198,0.1250259336
ff3,199,0.1256459069
ff3,200,0.1268014251
ff3,201,0.1253411482
ff3,202,0.1241176555
ff3,203,0.1247566360
ff3,204,0.1228647176
ff3,205,0.1232001123
ff3,206,0.1246810872
ff3,207,0.1239696272
ff3,208,0.1249918487
ff3,209,0.1228838256
ff3,210,0.1246913643
ff3,211,0.1238492169
ff3,212,0.1247451564
ff3,213,0.1242975049
ff3,214,0.1262226087
ff3,215,0.1232619256
ff3,216,0.1238394311
ff3,217,0.1241589151
ff3,218,0.1226313644
ff3,219,0.1231064041
ff3,220,0.1231804779
ff3,221,0.1223387422
ff3,222,0.1228867597
ff3,223,0.1226347351
ff3,224,0.1236584840
ff3,225,0.1221633277
ff3,226,0.1230319344
ff3,227,0.1227071366
ff3,228,0.1223258287
ff3,229,0.1217670077
ff3,230,0.1223156476
ff3,231,0.1223561027
ff3,232,0.1223313491
ff3,233,0.1199803621
ff3,234,0.1217819818
ff3,235,0.1223264072
ff3,236,0.1223823890
ff3,237,0.1190060241
ff3,238,0.1222120582
ff3,239,0.1200816213
ff3,240,0.1222999538
ff3,241,0.1217358232
ff3,242,0.1228829178
ff3,243,0.1216944744
ff3,244,0.1214872442
ff3,245,0.1213244741
ff3,246,0.1211007861
ff3,247,0.1203895470
ff3,248,0.1213344929
ff3,249,0.1208051213
ff3,250,0.1197261229
ff3,251,0.1203739824
ff3,252,0.1199641257
ff3,253,0.1195501180
ff3,254,0.1222375990
ff3,255,0.1195370982
ff3,256,0.1155069351
ff3,257,0.1168633508
ff3,258,0.1197217707
ff3,259,0.1179308447
ff3,260,0.1177884099
ff3,261,0.1191961152
ff3,262,0.1169111744
ff3,263,0.1193742328
ff3,264,0.1191334454
ff3,265,0.1140408938
ff3,266,0.1146472331
ff3,267,0.1185533430
ff3,268,0.1168664775
ff3,269,0.1180386753
ff3,270,0.1181738328
ff3,271,0.1181925499
ff3,272,0.1165752036
ff3,273,0.1154990205
ff3,274,0.1175786866
ff3,275,0.1171652794
ff3,276,0.1159110904
ff3,277,0.1167342382
ff3,278,0.1160932145
ff3,279,0.1145730081
ff3,280,0.1160256646
ff3,281,0.1137970443
ff3,282,0.1156044565
ff3,283,0.1147004837
ff3,284,0.1135039578
ff3,285,0.1157649622
ff3,286,0.1138047913
ff3,287,0.1143460333
ff3,288,0.1146947984
ff3,289,0.1144813301
ff3,290,0.1139621185
ff3,291,0.1120498255
ff3,292,0.1146033140
ff3,293,0.1123918076
ff3,294,0.1128777893
ff3,295,0.1126237711
ff3,296,0.1142752952
ff3,297,0.1131792824
ff3,298,0.1121277012
ff3,299,0.1139540386
ff3,300,0.1123094042
ff3,301,0.1118105833
ff3,302,0.1129025876
ff3,303,0.1135202771
ff3,304,0.1142193231
ff3,305,0.1131038394
ff3,306,0.1118318473
ff3,307,0.1134309964
ff3,308,0.1116855017
ff3,309,0.1119341138
ff3,310,0.1127169190
ff3,311,0.1121359287
ff3,312,0.1124910854
ff3,313,0.1118435083
ff3,314,0.1107058243
ff3,315,0.1114893989
ff3,316,0.1106532292
ff3,317,0.1105222272
ff3,318,0.1126092748
ff3,319,0.1101242042
ff3,320,0.1110392275
ff3,321,0.1120972739
ff3,322,0.1118980494
ff3,323,0.1105186073
ff3,324,0.1104642285
ff3,325,0.1091880473
ff3,326,0.1099144676
ff3,327,0.1098718296
ff3,328,0.1102060172
ff3,329,0.1096410156
ff3,330,0.1080852518
ff3,331,0.1090571531
ff3,332,0.1101118471
ff3,333,0.1083693175
ff3,334,0.1133808668
ff3,335,0.1105433252
ff3,336,0.1095422533
ff3,337,0.1082311885
ff3,338,0.1096651201
ff3,339,0.1079648458
ff3,340,0.1094281336
ff3,341,0.1085179229
ff3,342,0.1088828696
ff3,343,0.1071880423
ff3,344,0.1087042240
ff3,345,0.1096262033
ff3,346,0.1074994398
ff3,347,0.1079832513
ff3,348,0.1101778613
ff3,349,0.1059732565
ff3,350,0.1044719941
ff3,351,0.1064848817
ff3,352,0.1066020740
ff3,353,0.1074283165
ff3,354,0.1070021848
ff3,355,0.1061621683
ff3,356,0.1048994479
ff3,357,0.1050121506
ff3,358,0.1053565824
ff3,359,0.1063624847
ff3,360,0.1037693577
ff3,361,0.1063845599
ff3,362,0.1065118426
ff3,363,0.1063297990
ff3,364,0.1047143361
ff3,365,0.1037674717
ff3,366,0.1037492198
ff3,367,0.1046821891
ff3,368,0.1054977808
ff3,369,0.1045538655
ff3,370,0.1066364888
ff3,371,0.1055973961
ff3,372,0.1046057042
ff3,373,0.1027380941
ff3,374,0.1070939523
ff3,375,0.1093805358
ff3,376,0.1044769700
ff3,377,0.1040121454
ff3,378,0.1030885434
ff3,379,0.1045648798
ff3,380,0.1032966569
ff3,381,0.1063057302
ff3,382,0.1044426606
ff3,383,0.1039151013
ff3,384,0.1045661574
ff3,385,0.1049012320
ff3,386,0.1030145557
ff3,387,0.1045696229
ff3,388,0.1049340032
ff3,389,0.1029245130
ff3,390,0.1028617625
ff3,391,0.1024910626
ff3,392,0.1033479204
ff3,393,0.1029706075
ff3,394,0.1035993847
ff3,395,0.1054014119
ff3,396,0.1029791866
ff3,397,0.1024016896
ff3,398,0.1055902381
ff3,399,0.1013115204
ff3,400,0.1048436032
ff3,401,0.1011800742
ff3,402,0.1013112199
ff3,403,0.1013894929
ff3,404,0.1017066023
ff3,405,0.1021403583
ff3,406,0.1025170452
ff3,407,0.1030862610
ff3,408,0.1024787814
ff3,409,0.1018282786
ff3,410,0.1009181795
ff3,411,0.1023941602
ff3,412,0.1021429857
ff3,413,0.1025240926
ff3,414,0.1007211346
ff3,415,0.1020127504
ff3,416,0.1022758801
ff3,417,0.1018352224
ff3,418,0.1019774264
ff3,419,0.1028614339
ff3,420,0.1012030307
ff3,421,0.1013769958
ff3,422,0.1011314431
ff3,423,0.1005983210
ff3,424,0.1036165475
ff3,425,0.1013884968
ff3,426,0.0987753832
ff3,427,0.1004229864
ff3,428,0.0990518551
ff3,429,0.1003254552
ff3,430,0.1019097641
ff3,431,0.1020260944
ff3,432,0.1004131937
ff3,433,0.1016493593
ff3,434,0.1015440449
ff3,435,0.1012561166
ff3,436,0.1008161345
ff3,437,0.1021838234
ff3,438,0.0995671490
ff3,439,0.1006234929
ff3,440,0.1021492435
ff3,441,0.1026362602
ff3,442,0.0997361997
ff3,443,0.0999820773
ff3,444,0.0990372333
ff3,445,0.1012447222
ff3,446,0.0994227475
ff3,447,0.1003617415
ff3,448,0.0981151160
ff3,449,0.1017946529
ff3,450,0.1013376676
ff3,451,0.0989804134
ff3,452,0.1003196250
ff3,453,0.1001005334
ff3,454,0.0987949963
ff3,455,0.0999096580
ff3,456,0.0971414238
ff3,457,0.0988603723
ff3,458,0.0985811466
ff3,459,0.0990235810
ff3,460,0.1006179259
ff3,461,0.0995177949
ff3,462,0.0995573350
ff3,463,0.0997139818
ff3,464,0.0980662372
ff3,465,0.0982994079
ff3,466,0.0986676510
ff3,467,0.0972686741
ff3,468,0.0977995496
ff3,469,0.0979714034
ff3,470,0.0986370761
ff3,471,0.0979063250
ff3,472,0.0980208259
ff3,473,0.0973925856
ff3,474,0.0982332042
ff3,475,0.0988443579
ff3,476,0.0973104368
ff3,477,0.0990318576
ff3,478,0.0985312212
ff3,479,0.0976211760
ff3,480,0.0969394139
ff3,481,0.0975455696
ff3,482,0.0973045289
ff3,483,0.0959486042
ff3,484,0.0958007794
ff3,485,0.0965821246
ff3,486,0.0965466578
ff3,487,0.0965604192
ff3,488,0.0969807429
ff3,489,0.0961687670
ff3,490,0.0976277851
ff3,491,0.0970643054
ff3,492,0.0984917310
ff3,493,0.0970270242
ff3,494,0.0965999356
ff3,495,0.0962373584
ff3,496,0.0980408865
ff3,497,0.0982134624
ff3,498,0.0959504800
ff3,499,0.0977818453
ff3,500,0.0967412229
ff3,501,0.0962901608
ff3,502,0.0960259965
ff3,503,0.0955211547
ff3,504,0.0959945256
ff3,505,0.0970514644
ff3,506,0.0957542537
ff3,507,0.0961258328
ff3,508,0.0963715298
ff3,509,0.0959723056
ff3,510,0.0954615307
ff3,511,0.0964043271
ff3,512,0.0970539264
ff3,513,0.0942080715
ff3,514,0.0965730298
ff3,515,0.0958639759
ff3,516,0.0948826438
ff3,517,0.0952824050
ff3,518,0.0961138905
ff3,519,0.0953383426
ff3,520,0.0974965867
ff3,521,0.0957692140
ff3,522,0.0935656567
ff3,523,0.0955427034
ff3,524,0.0945477407
ff3,525,0.0966712755
ff3,526,0.0949577265
ff3,527,0.0957516218
ff3,528,0.0947589412
ff3,529,0.0945042618
ff3,530,0.0943262582
ff3,531,0.0941918284
ff3,532,0.0952054290
ff3,533,0.0943290630
ff3,534,0.0946819871
ff3,535,0.0956426988
ff3,536,0.0949207323
ff3,537,0.0953544726
ff3,538,0.0949208125
ff3,539,0.0946220575
ff3,540,0.0945386486
ff3,541,0.0940721259
ff3,542,0.0948665822
ff3,543,0.0950446624
ff3,544,0.0951383823
ff3,545,0.0934733837
ff3,546,0.0948616181
ff3,547,0.0930684344
ff3,548,0.0949115825
ff3,549,0.0934196353
ff3,550,0.0945014435
ff3,551,0.0947568706
ff3,552,0.0944881665
ff3,553,0.0949821228
ff3,554,0.0935318543
ff3,555,0.0938220592
ff3,556,0.0943398731
ff3,557,0.0953030423
ff3,558,0.0947833197
ff3,559,0.0934626717
ff3,560,0.0936037259
ff3,561,0.0937989761
ff3,562,0.0935096990
ff3,563,0.0939899163
ff3,564,0.0938293459
ff3,565,0.0938096563
ff3,566,0.0942623529
ff3,567,0.0946407842
ff3,568,0.0945162207
ff3,569,0.0927430079
ff3,570,0.0936300529
ff3,571,0.0938657567
ff3,572,0.0935257281
ff3,573,0.0934655174
ff3,574,0.0930484029
ff3,575,0.0935756549
ff3,576,0.0934266066
ff3,577,0.0937974156
ff3,578,0.0930995043
ff3,579,0.0909609416
ff3,580,0.0936692894
ff3,581,0.0930242472
ff3,582,0.0916807623
ff3,583,0.0938049433
ff3,584,0.0928823247
ff3,585,0.0937599570
ff3,586,0.0928366407
ff3,587,0.0921099761
ff3,588,0.0937472837
ff3,589,0.0919917096
ff3,590,0.0926412133
ff3,591,0.0933202944
ff3,592,0.0925313320
ff3,593,0.0914872748
ff3,594,0.0932700493
ff3,595,0.0927247648
ff3,596,0.0918087650
ff3,597,0.0910977017
ff3,598,0.0917020809
ff3,599,0.0911584738
ff3,600,0.0907968493
ff3,601,0.0924030396
ff3,602,0.0913114489
ff3,603,0.0918480968
ff3,604,0.0924671962
ff3,605,0.0913651493
ff3,606,0.0920829350
ff3,607,0.0912308922
ff3,608,0.0909297606
ff3,609,0.0910023448
ff3,610,0.0913085585
ff3,611,0.0924931039
ff3,612,0.0914569057
ff3,613,0.0893377018
ff3,614,0.0914574591
ff3,615,0.0908665367
ff3,616,0.0909395204
ff3,617,0.0906072241
ff3,618,0.0905808511
ff3,619,0.0928391027
ff3,620,0.0908820231
ff3,621,0.0903122577
ff3,622,0.0909189789
ff3,623,0.0912891635
ff3,624,0.0914595345
ff3,625,0.0903799988
ff3,626,0.0899085490
ff3,627,0.0896823909
ff3,628,0.0908451338
ff3,629,0.0908521177
ff3,630,0.0908038664
ff3,631,0.0909353948
ff3,632,0.0911640231
ff3,633,0.0894360373
ff3,634,0.0920076304
ff3,635,0.0895207649
ff3,636,0.0892378532
ff3,637,0.0892291646
ff3,638,0.0907246541
ff3,639,0.0909780686
ff3,640,0.0900419055
ff3,641,0.0906634870
ff3,642,0.0913010269
ff3,643,0.0894253946
ff3,644,0.0913787472
ff3,645,0.0905838371
ff3,646,0.0882361717
ff3,647,0.0908785516
ff3,648,0.0897784121
ff3,649,0.0898477533
ff3,650,0.0897682563
ff3,651,0.0898066220
ff3,652,0.0895774496
ff3,653,0.0888500736
ff3,654,0.0903571485
ff3,655,0.0889431477
ff3,656,0.0886932443
ff3,657,0.0876979251
ff3,658,0.0884978201
ff3,659,0.0910736658
ff3,660,0.0899992864
ff3,661,0.0875681348
ff3,662,0.0875088599
ff3,663,0.0867031935
ff3,664,0.0889779917
ff3,665,0.0870912086
ff3,666,0.0903871769
ff3,667,0.0887253318
ff3,668,0.0894557274
ff3,669,0.0896449735
ff3,670,0.0878462968
ff3,671,0.0884440195
ff3,672,0.0883119849
ff3,673,0.0874587172
ff3,674,0.0891807930
ff3,675,0.0877249954
ff3,676,0.0878857278
ff3,677,0.0872369515
ff3,678,0.0880666234
ff3,679,0.0869388830
ff3,680,0.0869232467
ff3,681,0.0884114329
ff3,682,0.0872984007
ff3,683,0.0868523936
ff3,684,0.0874746265
ff3,685,0.0876596889
ff3,686,0.0873496029
ff3,687,0.0867917549
ff3,688,0.0862045926
ff3,689,0.0870692672
ff3,690,0.0855099713
ff3,691,0.0875690661
ff3,692,0.0869032113
ff3,693,0.0870248287
ff3,694,0.0879506900
ff3,695,0.0860380887
ff3,696,0.0861068491
ff3,697,0.0852620828
ff3,698,0.0864270312
ff3,699,0.0867660631
ff3,700,0.0881467819
ff3,701,0.0863312241
ff3,702,0.0867571957
ff3,703,0.0865339232
ff3,704,0.0863821707
ff3,705,0.0867211281
ff3,706,0.0863604016
ff3,707,0.0871877839
ff3,708,0.0863605008
ff3,709,0.0877610276
ff3,710,0.0865666998
ff3,711,0.0862807740
ff3,712,0.0876466671
ff3,713,0.0857027284
ff3,714,0.0860433464
ff3,715,0.0862044704
ff3,716,0.0854473092
ff3,717,0.0856906252
ff3,718,0.0877932314
ff3,719,0.0862823624
ff3,720,0.0864153508
ff3,721,0.0873252696
ff3,722,0.0861761508
ff3,723,0.0857801770
ff3,724,0.0863511527
ff3,725,0.0862731162
ff3,726,0.0852489616
ff3,727,0.0869724775
ff3,728,0.0869527386
ff3,729,0.0858094155
ff3,730,0.0844647317
ff3,731,0.0859184178
ff3,732,0.0842401959
ff3,733,0.0862071840
ff3,734,0.0868215972
ff3,735,0.0855431455
ff3,736,0.0846965408
ff3,737,0.0865029529
ff3,738,0.0848231975
ff3,739,0.0853439984
ff3,740,0.0853108986
ff3,741,0.0854875067
ff3,742,0.0871295677
ff3,743,0.0855756670
ff3,744,0.0864399650
ff3,745,0.0857658986
ff3,746,0.0868245701
ff3,747,0.0853505790
ff3,748,0.0852768781
ff3,749,0.0855094448
ff3,750,0.0843641969
ff3,751,0.0852405467
ff3,752,0.0853418721
ff3,753,0.0863460043
ff3,754,0.0847254395
ff3,755,0.0848967476
ff3,756,0.0846098329
ff3,757,0.0839450128
ff3,758,0.0848280812
ff3,759,0.0848173208
ff3,760,0.0852944395
ff3,761,0.0848312747
ff3,762,0.0850813826
ff3,763,0.0852648370
ff3,764,0.0847279035
ff3,765,0.0862867165
ff3,766,0.0853078841
ff3,767,0.0844279515
ff3,768,0.0852882681
ff3,769,0.0845659534
ff3,770,0.0854153328
ff3,771,0.0846613119
ff3,772,0.0847260229
ff3,773,0.0858303043
ff3,774,0.0841604923
ff3,775,0.0844977982
ff3,776,0.0848672523
ff3,777,0.0843625568
ff3,778,0.0835876865
ff3,779,0.0851999681
ff3,780,0.0842195632
ff3,781,0.0842037793
ff3,782,0.0837333182
ff3,783,0.0852592973
ff3,784,0.0826494768
ff3,785,0.0839724085
ff3,786,0.0850386423
ff3,787,0.0833489578
ff3,788,0.0838337430
ff3,789,0.0850548333
ff3,790,0.0841304876
ff3,791,0.0844388349
ff3,792,0.0845190905
ff3,793,0.0841370983
ff3,794,0.0831175246
ff3,795,0.0829563107
ff3,796,0.0839610930
ff3,797,0.0835862561
ff3,798,0.0836116366
ff3,799,0.0849748703
ff3,800,0.0833256548
ff3,801,0.0837984433
ff3,802,0.0825028006
ff3,803,0.0839163691
ff3,804,0.0834888601
ff3,805,0.0831813894
ff3,806,0.0832330298
ff3,807,0.0835894789
ff3,808,0.0819782461
ff3,809,0.0837861672
ff3,810,0.0832449001
ff3,811,0.0837715200
ff3,812,0.0848793305
ff3,813,0.0820710086
ff3,814,0.0831585680
ff3,815,0.0839414488
ff3,816,0.0823374323
ff3,817,0.0830835078
ff3,818,0.0833708834
ff3,819,0.0818736962
ff3,820,0.0851753898
ff3,821,0.0847701455
ff3,822,0.0843150066
ff3,823,0.0855855154
ff3,824,0.0840730807
ff3,825,0.0829822309
ff3,826,0.0829208547
ff3,827,0.0841503564
ff3,828,0.0830581595
ff3,829,0.0821422585
ff3,830,0.0831627605
ff3,831,0.0840081098
ff3,832,0.0828704943
ff3,833,0.0822638422
ff3,834,0.0832622014
ff3,835,0.0837425762
ff3,836,0.0819028469
ff3,837,0.0824127888
ff3,838,0.0834319401
ff3,839,0.0822409161
ff3,840,0.0830551720
ff3,841,0.0825811644
ff3,842,0.0819022311
ff3,843,0.0826361495
ff3,844,0.0822572090
ff3,845,0.0811789078
ff3,846,0.0817259719
ff3,847,0.0822568454
ff3,848,0.0824440894
ff3,849,0.0827791240
ff3,850,0.0827410437
ff3,851,0.0832334056
ff3,852,0.0818973774
ff3,853,0.0819080042
ff3,854,0.0827139616
ff3,855,0.0832539813
ff3,856,0.0826745612
ff3,857,0.0827214584
ff3,858,0.0820998299
ff3,859,0.0829240937
ff3,860,0.0832165114
ff3,861,0.0823636786
ff3,862,0.0829793373
ff3,863,0.0818523780
ff3,864,0.0812142026
ff3,865,0.0815916633
ff3,866,0.0816308254
ff3,867,0.0825220052
ff3,868,0.0815508029
ff3,869,0.0811083176
ff3,870,0.0809238439
ff3,871,0.0811216422
ff3,872,0.0809323719
ff3,873,0.0824676655
ff3,874,0.0808378030
ff3,875,0.0818824366
ff3,876,0.0816723834
ff3,877,0.0818324547
ff3,878,0.0812610590
ff3,879,0.0816765494
ff3,880,0.0825732008
ff3,881,0.0817971742
ff3,882,0.0813723161
ff3,883,0.0810802086
ff3,884,0.0831284476
ff3,885,0.0824743906
ff3,886,0.0810237370
ff3,887,0.0813307720
ff3,888,0.0813096158
ff3,889,0.0807382873
ff3,890,0.0809781580
ff3,891,0.0841784448
ff3,892,0.0825341140
ff3,893,0.0810787958
ff3,894,0.0826199298
ff3,895,0.0801440134
ff3,896,0.0809165476
ff3,897,0.0815046803
ff3,898,0.0812818036
ff3,899,0.0807640521
ff3,900,0.0807934397
ff3,901,0.0804036436
ff3,902,0.0803066691
ff3,903,0.0806814471
ff3,904,0.0798647815
ff3,905,0.0812564946
ff3,906,0.0806074012
ff3,907,0.0817228881
ff3,908,0.0792256751
ff3,909,0.0808159971
ff3,910,0.0813307109
ff3,911,0.0803490581
ff3,912,0.0803729173
ff3,913,0.0805614461
ff3,914,0.0810869397
ff3,915,0.0803656561
ff3,916,0.0812360083
ff3,917,0.0810488826
ff3,918,0.0806024497
ff3,919,0.0804984662
ff3,920,0.0814599423
ff3,921,0.0791455571
ff3,922,0.0799773232
ff3,923,0.0799970766
ff3,924,0.0801172565
ff3,925,0.0806018110
ff3,926,0.0809551631
ff3,927,0.0794661309
ff3,928,0.0799338121
ff3,929,0.0790678288
ff3,930,0.0804095515
ff3,931,0.0808155753
ff3,932,0.0803916190
ff3,933,0.0803060103
ff3,934,0.0800619841
ff3,935,0.0798602971
ff3,936,0.0803228730
ff3,937,0.0794253181
ff3,938,0.0798810608
ff3,939,0.0805147225
ff3,940,0.0798819645
ff3,941,0.0796653913
ff3,942,0.0798196864
ff3,943,0.0785988441
ff3,944,0.0790655241
ff3,945,0.0793180234
ff3,946,0.0796448069
ff3,947,0.0808744817
ff3,948,0.0785003273
ff3,949,0.0790519227
ff3,950,0.0788174462
ff3,951,0.0804537099
ff3,952,0.0804294099
ff3,953,0.0807660005
ff3,954,0.0797913665
ff3,955,0.0800109834
ff3,956,0.0801049409
ff3,957,0.0800333619
ff3,958,0.0786193208
ff3,959,0.0803964402
ff3,960,0.0793195134
ff3,961,0.0788517941
ff3,962,0.0797689973
ff3,963,0.0790638808
ff3,964,0.0802662428
ff3,965,0.0797010481
ff3,966,0.0800735755
ff3,967,0.0790908269
ff3,968,0.0790050071
ff3,969,0.0784803737
ff3,970,0.0797314831
ff3,971,0.0795909600
ff3,972,0.0775875529
ff3,973,0.0799215023
ff3,974,0.0799302006
ff3,975,0.0802812255
ff3,976,0.0793890410
ff3,977,0.0793913043
ff3,978,0.0782131967
ff3,979,0.0790506185
ff3,980,0.0796466897
ff3,981,0.0787134087
ff3,982,0.0796201416
ff3,983,0.0783884176
ff3,984,0.0793626113
ff3,985,0.0797905992
ff3,986,0.0795950189
ff3,987,0.0793796969
ff3,988,0.0789820912
ff3,989,0.0784419556
ff3,990,0.0797169001
ff3,991,0.0785910843
ff3,992,0.0789990738
ff3,993,0.0790307979
ff3,994,0.0778138844
ff3,995,0.0794059818
ff3,996,0.0777490982
ff3,997,0.0780096518
ff3,998,0.0783355262
ff3,999,0.0786231242
ff3,1000,0.0792502910
ff3,1001,0.0809960826
ff3,1002,0.0782984012
ff3,1003,0.0778966747
ff3,1004,0.0779078547
ff3,1005,0.0793543654
ff3,1006,0.0774681898
ff3,1007,0.0789325988
ff3,1008,0.0767313591
ff3,1009,0.0779652939
ff3,1010,0.0785439771
ff3,1011,0.0773962812
ff3,1012,0.0780659621
ff3,1013,0.0788604855
ff3,1014,0.0786010429
ff3,1015,0.0800980411
ff3,1016,0.0781769440
ff3,1017,0.0777198948
ff3,1018,0.0786959871
ff3,1019,0.0781569997
ff3,1020,0.0789484360
ff3,1021,0.0784649637
ff3,1022,0.0773869906
ff3,1023,0.0772342677
ff3,1024,0.0772404017
ff3,1025,0.0784724165
ff3,1026,0.0781179655
ff3,1027,0.0803014703
ff3,1028,0.0775630007
ff3,1029,0.0789806122
ff3,1030,0.0780205276
ff3,1031,0.0771460909
ff3,1032,0.0783922512
ff3,1033,0.0778923201
ff3,1034,0.0782875686
ff3,1035,0.0774328164
ff3,1036,0.0775633483
ff3,1037,0.0775469033
ff3,1038,0.0774240673
ff3,1039,0.0787856097
ff3,1040,0.0775267286
ff3,1041,0.0767452163
ff3,1042,0.0778375952
ff3,1043,0.0774807384
ff3,1044,0.0784798412
ff3,1045,0.0781213372
ff3,1046,0.0782195526
ff3,1047,0.0794169183
ff3,1048,0.0772131153
ff3,1049,0.0778359402
ff3,1050,0.0777304257
ff3,1051,0.0775860387
ff3,1052,0.0778659605
ff3,1053,0.0775963535
ff3,1054,0.0765530493
ff3,1055,0.0775329040
ff3,1056,0.0769304139
ff3,1057,0.0774352186
ff3,1058,0.0767481951
ff3,1059,0.0781978798
ff3,1060,0.0758268062
ff3,1061,0.0778858744
ff3,1062,0.0764641008
ff3,1063,0.0779998858
ff3,1064,0.0768809964
ff3,1065,0.0769502814
ff3,1066,0.0777357063
ff3,1067,0.0773173400
ff3,1068,0.0784352093
ff3,1069,0.0774192039
ff3,1070,0.0767583374
ff3,1071,0.0774549968
ff3,1072,0.0767931332
ff3,1073,0.0781088122
ff3,1074,0.0774031637
ff3,1075,0.0775382285
ff3,1076,0.0770307856
ff3,1077,0.0771201669
ff3,1078,0.0768112112
ff3,1079,0.0779094133
ff3,1080,0.0761771547
ff3,1081,0.0769120068
ff3,1082,0.0769248338
ff3,1083,0.0768281902
ff3,1084,0.0767121523
ff3,1085,0.0771123943
ff3,1086,0.0772604100
ff3,1087,0.0778627793
ff3,1088,0.0775439085
ff3,1089,0.0764633862
ff3,1090,0.0762280352
ff3,1091,0.0773197608
ff3,1092,0.0768648991
ff3,1093,0.0762747050
ff3,1094,0.0768971793
ff3,1095,0.0776639523
ff3,1096,0.0755138568
ff3,1097,0.0767398306
ff3,1098,0.0763863067
ff3,1099,0.0770950567
ff3,1100,0.0766484800
ff3,1101,0.0769406051
ff3,1102,0.0779369991
ff3,1103,0.0756732729
ff3,1104,0.0763450681
ff3,1105,0.0759875888
ff3,1106,0.0772852226
ff3,1107,0.0772793643
ff3,1108,0.0761704770
ff3,1109,0.0763662790
ff3,1110,0.0756025364
ff3,1111,0.0763394587
ff3,1112,0.0764972646
ff3,1113,0.0763100126
ff3,1114,0.0766760781
ff3,1115,0.0766257037
ff3,1116,0.0761821255
ff3,1117,0.0760343828
ff3,1118,0.0751112131
ff3,1119,0.0762331047
ff3,1120,0.0761154954
ff3,1121,0.0758519770
ff3,1122,0.0761897099
ff3,1123,0.0760162840
ff3,1124,0.0756666984
ff3,1125,0.0759375769
ff3,1126,0.0763511471
ff3,1127,0.0757933639
ff3,1128,0.0772862708
ff3,1129,0.0752645227
ff3,1130,0.0759418298
ff3,1131,0.0754805967
ff3,1132,0.0748396285
ff3,1133,0.0756618369
ff3,1134,0.0763612327
ff3,1135,0.0771937834
ff3,1136,0.0745688970
ff3,1137,0.0752847003
ff3,1138,0.0769106065
ff3,1139,0.0756857358
ff3,1140,0.0765157756
ff3,1141,0.0754901885
ff3,1142,0.0757257595
ff3,1143,0.0771537118
ff3,1144,0.0756047693
ff3,1145,0.0761218133
ff3,1146,0.0756507862
ff3,1147,0.0753171505
ff3,1148,0.0757524217
ff3,1149,0.0752078660
ff3,1150,0.0754644736
ff3,1151,0.0748731707
ff3,1152,0.0755897779
ff3,1153,0.0755073463
ff3,1154,0.0746816667
ff3,1155,0.0756449783
ff3,1156,0.0742708159
ff3,1157,0.0757706749
ff3,1158,0.0750830464
ff3,1159,0.0747272092
ff3,1160,0.0741479006
ff3,1161,0.0748610303
ff3,1162,0.0737860159
ff3,1163,0.0747342016
ff3,1164,0.0759387985
ff3,1165,0.0755535702
ff3,1166,0.0755742568
ff3,1167,0.0758291781
ff3,1168,0.0758484518
ff3,1169,0.0759966902
ff3,1170,0.0742139776
ff3,1171,0.0752212785
ff3,1172,0.0759753147
ff3,1173,0.0744467260
ff3,1174,0.0748347529
ff3,1175,0.0750512742
ff3,1176,0.0742202685
ff3,1177,0.0740740907
ff3,1178,0.0746288572
ff3,1179,0.0749776342
ff3,1180,0.0751576560
ff3,1181,0.0756395406
ff3,1182,0.0739884194
ff3,1183,0.0753298347
ff3,1184,0.0744977351
ff3,1185,0.0731378029
ff3,1186,0.0745055948
ff3,1187,0.0737827187
ff3,1188,0.0752632712
ff3,1189,0.0750178009
ff3,1190,0.0740070926
ff3,1191,0.0751044563
ff3,1192,0.0750757528
ff3,1193,0.0749712568
ff3,1194,0.0745327240
ff3,1195,0.0738061337
ff3,1196,0.0744398151
ff3,1197,0.0747793155
ff3,1198,0.0743855417
ff3,1199,0.0737549928
ff3,1200,0.0748466564
ff4,1,0.4999999999
ff4,2,0.3312775754
ff4,3,0.3312755862
ff4,4,0.3318995696
ff4,5,0.3327329892
ff4,6,0.3333325187
ff4,7,0.3320497221
ff4,8,0.3333095981
ff4,9,0.3326335997
ff4,10,0.3328171425
ff4,11,0.3333331785
ff4,12,0.3320475828
ff4,13,0.3314520054
ff4,14,0.3306663057
ff4,15,0.3293501187
ff4,16,0.3268374156
ff4,17,0.3234764183
ff4,18,0.2577776326
ff4,19,0.2588404905
ff4,20,0.2573005454
ff4,21,0.2584808592
ff4,22,0.2586196266
ff4,23,0.2585660835
ff4,24,0.2578561666
ff4,25,0.2579697545
ff4,26,0.2578344184
ff4,27,0.2570049173
ff4,28,0.2570839069
ff4,29,0.2560379983
ff4,30,0.2576513393
ff4,31,0.2562881568
ff4,32,0.2563247766
ff4,33,0.2563831890
ff4,34,0.2561630108
ff4,35,0.2563239489
ff4,36,0.2558848914
ff4,37,0.2558097188
ff4,38,0.2551459222
ff4,39,0.2519917825
ff4,40,0.2541790471
ff4,41,0.2488858107
ff4,42,0.2370338342
ff4,43,0.2529221283
ff4,44,0.2373713079
ff4,45,0.2370924200
ff4,46,0.2379442416
ff4,47,0.2360527095
ff4,48,0.2374171589
ff4,49,0.2375574015
ff4,50,0.2365271944
ff4,51,0.2369233345
ff4,52,0.2354125877
ff4,53,0.2371361355
ff4,54,0.2371654877
ff4,55,0.2338374713
ff4,56,0.2364816047
ff4,57,0.2368061789
ff4,58,0.2364524688
ff4,59,0.2337732484
ff4,60,0.2363537707
ff4,61,0.2366030860
ff4,62,0.2363484753
ff4,63,0.2362710044
ff4,64,0.2319490741
ff4,65,0.2353231878
ff4,66,0.2359665740
ff4,67,0.2342640316
ff4,68,0.2333172062
ff4,69,0.2316980597
ff4,70,0.2365940751
ff4,71,0.2359566722
ff4,72,0.2272664218
ff4,73,0.2358264961
ff4,74,0.2249404062
ff4,75,0.2305808867
ff4,76,0.2243503684
ff4,77,0.2159672761
ff4,78,0.2189269503
ff4,79,0.2191072311
ff4,80,0.2210958942
ff4,81,0.2205578406
ff4,82,0.2196750199
ff4,83,0.2214953315
ff4,84,0.2211962556
ff4,85,0.2202686417
ff4,86,0.2187548553
ff4,87,0.2168493902
ff4,88,0.2146553132
ff4,89,0.2218483505
ff4,90,0.2155816499
ff4,91,0.2223764659
ff4,92,0.2168637968
ff4,93,0.2201747542
ff4,94,0.2110733203
ff4,95,0.2136648273
ff4,96,0.2010557149
ff4,97,0.2152299757
ff4,98,0.2141283268
ff4,99,0.2144049569
ff4,100,0.2049663107
ff4,101,0.2081448522
ff4,102,0.2142125249
ff4,103,0.2022078510
ff4,104,0.1983155075
ff4,105,0.2017623078
ff4,106,0.2015026455
ff4,107,0.2017707779
ff4,108,0.1977433820
ff4,109,0.2006310582
ff4,110,0.1983464191
ff4,111,0.2001812246
ff4,112,0.1971599333
ff4,113,0.2014536178
ff4,114,0.1986018507
ff4,115,0.1980484702
ff4,116,0.2023183409
ff4,117,0.1980016035
ff4,118,0.1969875789
ff4,119,0.1977622351
ff4,120,0.1966896357
ff4,121,0.1970945346
ff4,122,0.1982902958
ff4,123,0.1970509548
ff4,124,0.1969114326
ff4,125,0.1960788154
ff4,126,0.1975036139
ff4,127,0.1958739536
ff4,128,0.1989805440
ff4,129,0.1964110436
ff4,130,0.1961549458
ff4,131,0.1959213385
ff4,132,0.1975441156
ff4,133,0.1977928928
ff4,134,0.1960521437
ff4,135,0.1967116002
ff4,136,0.1952920177
ff4,137,0.1960803819
ff4,138,0.1965316421
ff4,139,0.1973913354
ff4,140,0.1969421926
ff4,141,0.1962858743
ff4,142,0.1966038748
ff4,143,0.1958971062
ff4,144,0.1965943156
ff4,145,0.1964894237
ff4,146,0.1948394459
ff4,147,0.1963421191
ff4,148,0.1957090365
ff4,149,0.1960790580
ff4,150,0.1947705847
ff4,151,0.1961339744
ff4,152,0.1962282265
ff4,153,0.1972893649
ff4,154,0.1951017607
ff4,155,0.1952230045
ff4,156,0.1961213680
ff4,157,0.1946523524
ff4,158,0.1968124375
ff4,159,0.1946639032
ff4,160,0.1941123529
ff4,161,0.1963590374
ff4,162,0.1962012691
ff4,163,0.1948272668
ff4,164,0.1962255659
ff4,165,0.1936400761
ff4,166,0.1951629254
ff4,167,0.1936768923
ff4,168,0.1963739486
ff4,169,0.1921155498
ff4,170,0.1950100235
ff4,171,0.1935062242
ff4,172,0.1949725546
ff4,173,0.1951323650
ff4,174,0.1937711874
ff4,175,0.1933784027
ff4,176,0.1913126845
ff4,177,0.1947468583
ff4,178,0.1958236129
ff4,179,0.1936576869
ff4,180,0.1940540499
ff4,181,0.1927273097
ff4,182,0.1938883277
ff4,183,0.1950954439
ff4,184,0.1939449836
ff4,185,0.1929929592
ff4,186,0.1941983911
ff4,187,0.1940863933
ff4,188,0.1932422391
ff4,189,0.1937668468
ff4,190,0.1948672167
ff4,191,0.1939642782
ff4,192,0.1910912479
ff4,193,0.1931656859
ff4,194,0.1900980759
ff4,195,0.1922838839
ff4,196,0.1912574229
ff4,197,0.1933057328
ff4,198,0.1905376688
ff4,199,0.1922455170
ff4,200,0.1922245087
ff4,201,0.1947011795
ff4,202,0.1906071096
ff4,203,0.1911530958
ff4,204,0.1941428346
ff4,205,0.1923419542
ff4,206,0.1922989239
ff4,207,0.1926628511
ff4,208,0.1913138506
ff4,209,0.1900125381
ff4,210,0.1916811581
ff4,211,0.1937056325
ff4,212,0.1882735250
ff4,213,0.1881265053
ff4,214,0.1875608393
ff4,215,0.1922752731
ff4,216,0.1903461988
ff4,217,0.1875179629
ff4,218,0.1862026128
ff4,219,0.1874292712
ff4,220,0.1902165559
ff4,221,0.1888172061
ff4,222,0.1865707310
ff4,223,0.1886278731
ff4,224,0.1836686735
ff4,225,0.1899688862
ff4,226,0.1891993183
ff4,227,0.1889130965
ff4,228,0.1873052011
ff4,229,0.1870862315
ff4,230,0.1859492456
ff4,231,0.1874129885
ff4,232,0.1843726669
ff4,233,0.1848799659
ff4,234,0.1838787298
ff4,235,0.1823354555
ff4,236,0.1835958044
ff4,237,0.1853058472
ff4,238,0.1835956843
ff4,239,0.1840659906
ff4,240,0.1817311596
ff4,241,0.1850448202
ff4,242,0.1825705757
ff4,243,0.1838328927
ff4,244,0.1825166564
ff4,245,0.1860851221
ff4,246,0.1847757262
ff4,247,0.1803162999
ff4,248,0.1805934286
ff4,249,0.1786792142
ff4,250,0.1759429125
ff4,251,0.1805826592
ff4,252,0.1784958359
ff4,253,0.1790547736
ff4,254,0.1816745872
ff4,255,0.1809971644
ff4,256,0.1807548864
ff4,257,0.1816931479
ff4,258,0.1793422405
ff4,259,0.1806921314
ff4,260,0.1743866095
ff4,261,0.1779557375
ff4,262,0.1772169709
ff4,263,0.1777787315
ff4,264,0.1743481662
ff4,265,0.1796056451
ff4,266,0.1782465874
ff4,267,0.1734495666
ff4,268,0.1745492216
ff4,269,0.1739002911
ff4,270,0.1757508597
ff4,271,0.1751492544
ff4,272,0.1765118068
ff4,273,0.1767420989
ff4,274,0.1744544051
ff4,275,0.1763392092
ff4,276,0.1749515082
ff4,277,0.1724616376
ff4,278,0.1736196555
ff4,279,0.1761833983
ff4,280,0.1756099986
ff4,281,0.1698445512
ff4,282,0.1713227621
ff4,283,0.1804814473
ff4,284,0.1727132908
ff4,285,0.1751520018
ff4,286,0.1719259343
ff4,287,0.1705032749
ff4,288,0.1722555139
ff4,289,0.1744610695
ff4,290,0.1743546754
ff4,291,0.1727331093
ff4,292,0.1741989864
ff4,293,0.1742579916
ff4,294,0.1734558737
ff4,295,0.1763536034
ff4,296,0.1721916355
ff4,297,0.1718933412
ff4,298,0.1709520816
ff4,299,0.1721316033
ff4,300,0.1720053157
ff4,301,0.1713318116
ff4,302,0.1747816156
ff4,303,0.1731155517
ff4,304,0.1730761061
ff4,305,0.1711585853
ff4,306,0.1727702470
ff4,307,0.1726127591
ff4,308,0.1701393943
ff4,309,0.1693409200
ff4,310,0.1684784220
ff4,311,0.1735844092
ff4,312,0.1709545737
ff4,313,0.1681767887
ff4,314,0.1717118981
ff4,315,0.1709888929
ff4,316,0.1729321140
ff4,317,0.1715959824
ff4,318,0.1711220178
ff4,319,0.1695965488
ff4,320,0.1744689934
ff4,321,0.1733727130
ff4,322,0.1763747406
ff4,323,0.1725715012
ff4,324,0.1657677095
ff4,325,0.1708681822
ff4,326,0.1725497070
ff4,327,0.1702274286
ff4,328,0.1733418917
ff4,329,0.1689389088
ff4,330,0.1705130014
ff4,331,0.1642777182
ff4,332,0.1701432349
ff4,333,0.1668993584
ff4,334,0.1685972458
ff4,335,0.1707817380
ff4,336,0.1715912944
ff4,337,0.1648632429
ff4,338,0.1664875961
ff4,339,0.1723361616
ff4,340,0.1689548977
ff4,341,0.1679874802
ff4,342,0.1650801305
ff4,343,0.1667763001
ff4,344,0.1718874195
ff4,345,0.1691679577
ff4,346,0.1635007570
ff4,347,0.1648334074
ff4,348,0.1691634307
ff4,349,0.1676352683
ff4,350,0.1689270445
ff4,351,0.1683147774
ff4,352,0.1624767868
ff4,353,0.1660149929
ff4,354,0.1714988196
ff4,355,0.1679448498
ff4,356,0.1683458599
ff4,357,0.1648935737
ff4,358,0.1651660204
ff4,359,0.1737730302
ff4,360,0.1693309567
ff4,361,0.1683313153
ff4,362,0.1673056978
ff4,363,0.1687242969
ff4,364,0.1693392763
ff4,365,0.1657060501
ff4,366,0.1615439208
ff4,367,0.1630172605
ff4,368,0.1658788228
ff4,369,0.1631475639
ff4,370,0.1612923368
ff4,371,0.1633234392
ff4,372,0.1601742915
ff4,373,0.1651025489
ff4,374,0.1634612690
ff4,375,0.1630067218
ff4,376,0.1594434085
ff4,377,0.1645519137
ff4,378,0.1631913460
ff4,379,0.1654663506
ff4,380,0.1602483609
ff4,381,0.1626432756
ff4,382,0.1611231663
ff4,383,0.1614512829
ff4,384,0.1624634502
ff4,385,0.1601606010
ff4,386,0.1629410841
ff4,387,0.1623716033
ff4,388,0.1638341233
ff4,389,0.1624106236
ff4,390,0.1606711778
ff4,391,0.1638566996
ff4,392,0.1623886468
ff4,393,0.1612069879
ff4,394,0.1613327055
ff4,395,0.1595963646
ff4,396,0.1628387998
ff4,397,0.1615933651
ff4,398,0.1608567941
ff4,399,0.1571841502
ff4,400,0.1612585498
ff4,401,0.1586337611
ff4,402,0.1564136539
ff4,403,0.1594539523
ff4,404,0.1572413815
ff4,405,0.1581402031
ff4,406,0.1572250199
ff4,407,0.1591715838
ff4,408,0.1615553494
ff4,409,0.1610082102
ff4,410,0.1601101423
ff4,411,0.1577111155
ff4,412,0.1546474568
ff4,413,0.1606925097
ff4,414,0.1632640264
ff4,415,0.1611083765
ff4,416,0.1560536041
ff4,417,0.1577601561
ff4,418,0.1566482757
ff4,419,0.1583118614
ff4,420,0.1569339826
ff4,421,0.1552583850
ff4,422,0.1518102921
ff4,423,0.1606191430
ff4,424,0.1574848930
ff4,425,0.1565581318
ff4,426,0.1570467061
ff4,427,0.1580388373
ff4,428,0.1567777284
ff4,429,0.1557845897
ff4,430,0.1567064227
ff4,431,0.1614434508
ff4,432,0.1566226900
ff4,433,0.1548525466
ff4,434,0.1561202407
ff4,435,0.1542207486
ff4,436,0.1603908632
ff4,437,0.1570549521
ff4,438,0.1550703042
ff4,439,0.1534363556
ff4,440,0.1589597286
ff4,441,0.1576883693
ff4,442,0.1532883239
ff4,443,0.1552844260
ff4,444,0.1527512822
ff4,445,0.1546361844
ff4,446,0.1562339617
ff4,447,0.1560751677
ff4,448,0.1510868991
ff4,449,0.1531136974
ff4,450,0.1572697992
ff4,451,0.1530603544
ff4,452,0.1529944623
ff4,453,0.1525187350
ff4,454,0.1521985011
ff4,455,0.1563674487
ff4,456,0.1504881456
ff4,457,0.1521026796
ff4,458,0.1533685193
ff4,459,0.1526480289
ff4,460,0.1540792893
ff4,461,0.1536084496
ff4,462,0.1556070958
ff4,463,0.1579810606
ff4,464,0.1511228616
ff4,465,0.1591917249
ff4,466,0.1552597578
ff4,467,0.1518214876
ff4,468,0.1542786454
ff4,469,0.1524261582
ff4,470,0.1543489041
ff4,471,0.1569348325
ff4,472,0.1549886328
ff4,473,0.1512975507
ff4,474,0.1538967338
ff4,475,0.1548977701
ff4,476,0.1547003294
ff4,477,0.1547626756
ff4,478,0.1556620112
ff4,479,0.1542671764
ff4,480,0.1524060399
ff4,481,0.1514749592
ff4,482,0.1538690209
ff4,483,0.1538386458
ff4,484,0.1518500874
ff4,485,0.1544817753
ff4,486,0.1532415924
ff4,487,0.1518366632
ff4,488,0.1540206749
ff4,489,0.1534794146
ff4,490,0.1516369705
ff4,491,0.1550856724
ff4,492,0.1556923167
ff4,493,0.1507628867
ff4,494,0.1534383320
ff4,495,0.1540669718
ff4,496,0.1508487475
ff4,497,0.1508366350
ff4,498,0.1500852200
ff4,499,0.1510477864
ff4,500,0.1503797324
ff4,501,0.1538261911
ff4,502,0.1526534530
ff4,503,0.1525451579
ff4,504,0.1470904467
ff4,505,0.1511819174
ff4,506,0.1501344545
ff4,507,0.1543990136
ff4,508,0.1528333694
ff4,509,0.1523238180
ff4,510,0.1482114191
ff4,511,0.1525813653
ff4,512,0.1524367281
ff4,513,0.1506651042
ff4,514,0.1508665959
ff4,515,0.1540773356
ff4,516,0.1494733581
ff4,517,0.1525770280
ff4,518,0.1513854844
ff4,519,0.1513512006
ff4,520,0.1508024478
ff4,521,0.1518874302
ff4,522,0.1510875872
ff4,523,0.1503583678
ff4,524,0.1482268860
ff4,525,0.1511251922
ff4,526,0.1499350873
ff4,527,0.1524526387
ff4,528,0.1518808142
ff4,529,0.1505983501
ff4,530,0.1506755776
ff4,531,0.1469403454
ff4,532,0.1515245774
ff4,533,0.1503508017
ff4,534,0.1490042224
ff4,535,0.1467601146
ff4,536,0.1507478065
ff4,537,0.1499486219
ff4,538,0.1510228437
ff4,539,0.1488562335
ff4,540,0.1503262180
ff4,541,0.1499804324
ff4,542,0.1503502546
ff4,543,0.1481466798
ff4,544,0.1457287037
ff4,545,0.1494779669
ff4,546,0.1488678781
ff4,547,0.1494863633
ff4,548,0.1507961076
ff4,549,0.1473847841
ff4,550,0.1486543852
ff4,551,0.1511811800
ff4,552,0.1508171919
ff4,553,0.1486263432
ff4,554,0.1477565950
ff4,555,0.1479528969
ff4,556,0.1489679874
ff4,557,0.1517393943
ff4,558,0.1498028902
ff4,559,0.1479611675
ff4,560,0.1503955492
ff4,561,0.1485466174
ff4,562,0.1489286805
ff4,563,0.1493216418
ff4,564,0.1494824778
ff4,565,0.1523454852
ff4,566,0.1491977242
ff4,567,0.1465222991
ff4,568,0.1470848610
ff4,569,0.1500218036
ff4,570,0.1486120869
ff4,571,0.1471223094
ff4,572,0.1479016217
ff4,573,0.1497074125
ff4,574,0.1471533302
ff4,575,0.1529801673
ff4,576,0.1483029353
ff4,577,0.1509264335
ff4,578,0.1499950207
ff4,579,0.1470153759
ff4,580,0.1519567126
ff4,581,0.1490066131
ff4,582,0.1462753459
ff4,583,0.1477954621
ff4,584,0.1478402021
ff4,585,0.1478438756
ff4,586,0.1485205433
ff4,587,0.1493241384
ff4,588,0.1489880880
ff4,589,0.1476307628
ff4,590,0.1497722978
ff4,591,0.1462021472
ff4,592,0.1518322712
ff4,593,0.1496803421
ff4,594,0.1460912473
ff4,595,0.1490383618
ff4,596,0.1500353783
ff4,597,0.1474191979
ff4,598,0.1445876142
ff4,599,0.1498738489
ff4,600,0.1494570460
ff4,601,0.1476358981
ff4,602,0.1480217568
ff4,603,0.1455508649
ff4,604,0.1454113434
ff4,605,0.1502550446
ff4,606,0.1512242185
ff4,607,0.1498259559
ff4,608,0.1455348988
ff4,609,0.1456013520
ff4,610,0.1433118496
ff4,611,0.1494378274
ff4,612,0.1461278972
ff4,613,0.1476893940
ff4,614,0.1456854972
ff4,615,0.1476806095
ff4,616,0.1481771785
ff4,617,0.1461140298
ff4,618,0.1512360409
ff4,619,0.1456410456
ff4,620,0.1478415713
ff4,621,0.1457847686
ff4,622,0.1449336278
ff4,623,0.1437661790
ff4,624,0.1481426072
ff4,625,0.1489787681
ff4,626,0.1457998286
ff4,627,0.1447943460
ff4,628,0.1457297265
ff4,629,0.1497995715
ff4,630,0.1484599940
ff4,631,0.1469494561
ff4,632,0.1479012505
ff4,633,0.1466143329
ff4,634,0.1458094643
ff4,635,0.1482730744
ff4,636,0.1434196254
ff4,637,0.1452514659
ff4,638,0.1465642460
ff4,639,0.1465949792
ff4,640,0.1475218589
ff4,641,0.1469453604
ff4,642,0.1485957539
ff4,643,0.1437335583
ff4,644,0.1465652032
ff4,645,0.1491183596
ff4,646,0.1453811131
ff4,647,0.1448015324
ff4,648,0.1474720512
ff4,649,0.1447644306
ff4,650,0.1452034239
ff4,651,0.1461387498
ff4,652,0.1448940559
ff4,653,0.1489395540
ff4,654,0.1433717854
ff4,655,0.1436799753
ff4,656,0.1462308644
ff4,657,0.1462670680
ff4,658,0.1437237519
ff4,659,0.1459514898
ff4,660,0.1443165295
ff4,661,0.1453334900
ff4,662,0.1465866377
ff4,663,0.1462154316
ff4,664,0.1456054925
ff4,665,0.1463038245
ff4,666,0.1445441758
ff4,667,0.1427737919
ff4,668,0.1469327476
ff4,669,0.1440634840
ff4,670,0.1414264588
ff4,671,0.1460063049
ff4,672,0.1478003698
ff4,673,0.1451870740
ff4,674,0.1461311403
ff4,675,0.1465236158
ff4,676,0.1462309479
ff4,677,0.1483646248
ff4,678,0.1438685081
ff4,679,0.1449355317
ff4,680,0.1455057283
ff4,681,0.1476575876
ff4,682,0.1454118947
ff4,683,0.1488108768
ff4,684,0.1441184784
ff4,685,0.1437752947
ff4,686,0.1438105350
ff4,687,0.1427391659
ff4,688,0.1441517365
ff4,689,0.1447373287
ff4,690,0.1445304063
ff4,691,0.1431104425
ff4,692,0.1473561396
ff4,693,0.1440523014
ff4,694,0.1447380611
ff4,695,0.1471481830
ff4,696,0.1483843428
ff4,697,0.1472533824
ff4,698,0.1422545378
ff4,699,0.1446751564
ff4,700,0.1447652658
ff4,701,0.1451390454
ff4,702,0.1445963199
ff4,703,0.1438844630
ff4,704,0.1421767554
ff4,705,0.1448205600
ff4,706,0.1431218281
ff4,707,0.1446319698
ff4,708,0.1424343555
ff4,709,0.1435658528
ff4,710,0.1440489968
ff4,711,0.1460973848
ff4,712,0.1427918665
ff4,713,0.1426694531
ff4,714,0.1449462163
ff4,715,0.1439840220
ff4,716,0.1443915212
ff4,717,0.1436328585
ff4,718,0.1446394180
ff4,719,0.1427963410
ff4,720,0.1428190870
ff4,721,0.1452900816
ff4,722,0.1446324084
ff4,723,0.1438245076
ff4,724,0.1422784556
ff4,725,0.1443597769
ff4,726,0.1431297254
ff4,727,0.1425411305
ff4,728,0.1437167743
ff4,729,0.1444919535
ff4,730,0.1445550889
ff4,731,0.1437567846
ff4,732,0.1451969973
ff4,733,0.1419750697
ff4,734,0.1445907906
ff4,735,0.1444000412
ff4,736,0.1436686963
ff4,737,0.1447944406
ff4,738,0.1423803864
ff4,739,0.1406660320
ff4,740,0.1450225104
ff4,741,0.1432145851
ff4,742,0.1437231915
ff4,743,0.1409360177
ff4,744,0.1417692638
ff4,745,0.1459122187
ff4,746,0.1434180477
ff4,747,0.1417756561
ff4,748,0.1434016374
ff4,749,0.1421616445
ff4,750,0.1452155353
ff4,751,0.1426292601
ff4,752,0.1431044976
ff4,753,0.1427279714
ff4,754,0.1424826859
ff4,755,0.1442835927
ff4,756,0.1441528237
ff4,757,0.1423751325
ff4,758,0.1427633820
ff4,759,0.1446078723
ff4,760,0.1410384354
ff4,761,0.1432378963
ff4,762,0.1421017547
ff4,763,0.1429147692
ff4,764,0.1439009278
ff4,765,0.1438857942
ff4,766,0.1440999334
ff4,767,0.1420529009
ff4,768,0.1435442807
ff4,769,0.1429388346
ff4,770,0.1417813708
ff4,771,0.1415560375
ff4,772,0.1411746953
ff4,773,0.1425803844
ff4,774,0.1436339693
ff4,775,0.1459900944
ff4,776,0.1458559497
ff4,777,0.1418617352
ff4,778,0.1413034618
ff4,779,0.1417533421
ff4,780,0.1412355070
ff4,781,0.1418162373
ff4,782,0.1428861196
ff4,783,0.1412956386
ff4,784,0.1403658332
ff4,785,0.1435737229
ff4,786,0.1391034861
ff4,787,0.1409294692
ff4,788,0.1437569582
ff4,789,0.1412759217
ff4,790,0.1406662294
ff4,791,0.1421252720
ff4,792,0.1434277684
ff4,793,0.1432612417
ff4,794,0.1396005161
ff4,795,0.1423120800
ff4,796,0.1427582554
ff4,797,0.1415090939
ff4,798,0.1436267133
ff4,799,0.1419385484
ff4,800,0.1423497962
ff4hi,1,0.4999999999
ff4hi,2,0.3332115612
ff4hi,3,0.3333185873
ff4hi,4,0.3333137080
ff4hi,5,0.3332998917
ff4hi,6,0.3332730468
ff4hi,7,0.3332594740
ff4hi,8,0.3332980559
ff4hi,9,0.3333120213
ff4hi,10,0.3333178809
ff4hi,11,0.3333013588
ff4hi,12,0.3332877491
ff4hi,13,0.3333060714
ff4hi,14,0.3332870098
ff4hi,15,0.3332409920
ff4hi,16,0.3331506459
ff4hi,17,0.3330285474
ff4hi,18,0.2584299412
ff4hi,19,0.2584229310
ff4hi,20,0.2583927056
ff4hi,21,0.2584003858
ff4hi,22,0.2583742850
ff4hi,23,0.2583989831
ff4hi,24,0.2583935293
ff4hi,25,0.2584528051
ff4hi,26,0.2583955110
ff4hi,27,0.2584097793
ff4hi,28,0.2583973434
ff4hi,29,0.2583902751
ff4hi,30,0.2583814455
ff4hi,31,0.2583734438
ff4hi,32,0.2583724225
ff4hi,33,0.2583609075
ff4hi,34,0.2583770336
ff4hi,35,0.2583414323
ff4hi,36,0.2583573126
ff4hi,37,0.2583401020
ff4hi,38,0.2583147218
ff4hi,39,0.2583188560
ff4hi,40,0.2582514480
ff4hi,41,0.2582408405
ff4hi,42,0.2420225964
ff4hi,43,0.2365268308
ff4hi,44,0.2364931778
ff4hi,45,0.2364946521
ff4hi,46,0.2365119918
ff4hi,47,0.2364592703
ff4hi,48,0.2363732888
ff4hi,49,0.2364300818
ff4hi,50,0.2364596500
ff4hi,51,0.2364817272
ff4hi,52,0.2364757438
ff4hi,53,0.2364611670
ff4hi,54,0.2364287693
ff4hi,55,0.2364695594
ff4hi,56,0.2364668800
ff4hi,57,0.2364817608
ff4hi,58,0.2362285849
ff4hi,59,0.2364437963
ff4hi,60,0.2359971835
ff4hi,61,0.2364435990
ff4hi,62,0.2364910423
ff4hi,63,0.2364531905
ff4hi,64,0.2364313766
ff4hi,65,0.2363834436
ff4hi,66,0.2363488668
ff4hi,67,0.2355971152
ff4hi,68,0.2364273430
ff4hi,69,0.2364948087
ff4hi,70,0.2364325585
ff4hi,71,0.2355664769
ff4hi,72,0.2319342418
ff4hi,73,0.2348755109
ff4hi,74,0.2321885590
ff4hi,75,0.2250979540
ff4hi,76,0.2218385073
ff4hi,77,0.2214436864
ff4hi,78,0.2204791656
ff4hi,79,0.2219362190
ff4hi,80,0.2202877940
ff4hi,81,0.2198347624
ff4hi,82,0.2203818219
ff4hi,83,0.2211475705
ff4hi,84,0.2213414409
ff4hi,85,0.2221361408
ff4hi,86,0.2214562489
ff4hi,87,0.2218353845
ff4hi,88,0.2204630657
ff4hi,89,0.2186488151
ff4hi,90,0.2188069883
ff4hi,91,0.2198181251
ff4hi,92,0.2199416781
ff4hi,93,0.2206146436
ff4hi,94,0.2173702132
ff4hi,95,0.2197570303
ff4hi,96,0.2149006699
ff4hi,97,0.2126259883
ff4hi,98,0.2181343303
ff4hi,99,0.2120692075
ff4hi,100,0.2114544518
ff4hi,101,0.2108751870
ff4hi,102,0.2095518410
ff4hi,103,0.2090249883
ff4hi,104,0.2026529227
ff4hi,105,0.2104265895
ff4hi,106,0.2021714378
ff4hi,107,0.2046463848
ff4hi,108,0.2023283757
ff4hi,109,0.1979487958
ff4hi,110,0.2045327712
ff4hi,111,0.1998311263
ff4hi,112,0.1980765424
ff4hi,113,0.1976239896
ff4hi,114,0.1981988927
ff4hi,115,0.2039654274
ff4hi,116,0.1980810363
ff4hi,117,0.1972404576
ff4hi,118,0.1974844666
ff4hi,119,0.1967813634
ff4hi,120,0.1991727326
ff4hi,121,0.1960393759
ff4hi,122,0.1973164659
ff4hi,123,0.1960719632
ff4hi,124,0.1956962978
ff4hi,125,0.1963872613
ff4hi,126,0.1958648607
ff4hi,127,0.1957056752
ff4hi,128,0.1959765232
ff4hi,129,0.1958530785
ff4hi,130,0.1958289135
ff4hi,131,0.1967981605
ff4hi,132,0.1957563459
ff4hi,133,0.1959250533
ff4hi,134,0.1956594028
ff4hi,135,0.1957595951
ff4hi,136,0.1961752525
ff4hi,137,0.1959286126
ff4hi,138,0.1960299593
ff4hi,139,0.1959618848
ff4hi,140,0.1960806913
ff4hi,141,0.1958283669
ff4hi,142,0.1957654274
ff4hi,143,0.1963949463
ff4hi,144,0.1957242720
ff4hi,145,0.1956890277
ff4hi,146,0.1958676421
ff4hi,147,0.1958220965
ff4hi,148,0.1956505803
ff4hi,149,0.1956653023
ff4hi,150,0.1957133329
ff4hi,151,0.1960682728
ff4hi,152,0.1957837679
ff4hi,153,0.1956361221
ff4hi,154,0.1955838952
ff4hi,155,0.1956140106
ff4hi,156,0.1957706636
ff4hi,157,0.1957366006
ff4hi,158,0.1956676628
ff4hi,159,0.1955975830
ff4hi,160,0.1954769466
ff4hi,161,0.1956712158
ff4hi,162,0.1961005682
ff4hi,163,0.1955485983
ff4hi,164,0.1954912248
ff4hi,165,0.1954142149
ff4hi,166,0.1957028624
ff4hi,167,0.1954507670
ff4hi,168,0.1963683797
ff4hi,169,0.1955651338
ff4hi,170,0.1956220373
ff4hi,171,0.1955030588
ff4hi,172,0.1955169568
ff4hi,173,0.1953842066
ff4hi,174,0.1953453896
ff4hi,175,0.1955719047
ff4hi,176,0.1952971096
ff4hi,177,0.1954766740
ff4hi,178,0.1952131241
ff4hi,179,0.1956415570
ff4hi,180,0.1951423003
ff4hi,181,0.1950508045
ff4hi,182,0.1953551302
ff4hi,183,0.1953007859
ff4hi,184,0.1955696546
ff4hi,185,0.1949034174
ff4hi,186,0.1949116683
ff4hi,187,0.1952509862
ff4hi,188,0.1954684509
ff4hi,189,0.1950136612
ff4hi,190,0.1951612847
ff4hi,191,0.1947880209
ff4hi,192,0.1950868008
ff4hi,193,0.1951884361
ff4hi,194,0.1953290648
ff4hi,195,0.1949880460
ff4hi,196,0.1947222097
ff4hi,197,0.1945204167
ff4hi,198,0.1951972059
ff4hi,199,0.1951916582
ff4hi,200,0.1943926166
ff4hi,201,0.1929614160
ff4hi,202,0.1942086176
ff4hi,203,0.1935003728
ff4hi,204,0.1940075432
ff4hi,205,0.1929640045
ff4hi,206,0.1918855111
ff4hi,207,0.1927004897
ff4hi,208,0.1911469973
ff4hi,209,0.1909456311
ff4hi,210,0.1922541154
ff4hi,211,0.1911031701
ff4hi,212,0.1911640814
ff4hi,213,0.1899929514
ff4hi,214,0.1914902671
ff4hi,215,0.1911460691
ff4hi,216,0.1910209360
ff4hi,217,0.1922573995
ff4hi,218,0.1911335898
ff4hi,219,0.1904335225
ff4hi,220,0.1887562338
ff4hi,221,0.1909905681
ff4hi,222,0.1885485834
ff4hi,223,0.1899380982
ff4hi,224,0.1901106614
ff4hi,225,0.1909733777
ff4hi,226,0.1890040290
ff4hi,227,0.1868467901
ff4hi,228,0.1898684147
ff4hi,229,0.1893392637
ff4hi,230,0.1888637686
ff4hi,231,0.1873330496
ff4hi,232,0.1866636677
ff4hi,233,0.1880741396
ff4hi,234,0.1876327310
ff4hi,235,0.1855567063
ff4hi,236,0.1827203172
ff4hi,237,0.1872794974
ff4hi,238,0.1856294259
ff4hi,239,0.1873667135
ff4hi,240,0.1862316594
ff4hi,241,0.1839707718
ff4hi,242,0.1843002387
ff4hi,243,0.1836111229
ff4hi,244,0.1828234981
ff4hi,245,0.1823177533
ff4hi,246,0.1835782315
ff4hi,247,0.1822876819
ff4hi,248,0.1817578829
ff4hi,249,0.1808106165
ff4hi,250,0.1825823432
ff4hi,251,0.1822689829
ff4hi,252,0.1801920933
ff4hi,253,0.1800488418
ff4hi,254,0.1805964556
ff4hi,255,0.1814369621
ff4hi,256,0.1792860330
ff4hi,257,0.1821384908
ff4hi,258,0.1799951548
ff4hi,259,0.1806620491
ff4hi,260,0.1781568169
ff4hi,261,0.1792418511
ff4hi,262,0.1791108982
ff4hi,263,0.1805416537
ff4hi,264,0.1759994317
ff4hi,265,0.1777911723
ff4hi,266,0.1767226996
ff4hi,267,0.1745646498
ff4hi,268,0.1754980313
ff4hi,269,0.1747485089
ff4hi,270,0.1754405720
ff4hi,271,0.1760272993
ff4hi,272,0.1741104894
ff4hi,273,0.1741041319
ff4hi,274,0.1745778855
ff4hi,275,0.1741903565
ff4hi,276,0.1749241717
ff4hi,277,0.1750922114
ff4hi,278,0.1745302902
ff4hi,279,0.1741493552
ff4hi,280,0.1730678112
ff4hi,281,0.1730720280
ff4hi,282,0.1738757907
ff4hi,283,0.1738572628
ff4hi,284,0.1745234172
ff4hi,285,0.1741449246
ff4hi,286,0.1732289895
ff4hi,287,0.1732850955
ff4hi,288,0.1743969302
ff4hi,289,0.1731307019
ff4hi,290,0.1743845187
ff4hi,291,0.1733073006
ff4hi,292,0.1739776922
ff4hi,293,0.1743445340
ff4hi,294,0.1728620512
ff4hi,295,0.1732265674
ff4hi,296,0.1727190044
ff4hi,297,0.1722434872
ff4hi,298,0.1725279216
ff4hi,299,0.1724935477
ff4hi,300,0.1722992872
ff4hi,301,0.1731148356
ff4hi,302,0.1723948167
ff4hi,303,0.1739522541
ff4hi,304,0.1737943224
ff4hi,305,0.1726035528
ff4hi,306,0.1728580553
ff4hi,307,0.1730939463
ff4hi,308,0.1730994645
ff4hi,309,0.1725517569
ff4hi,310,0.1722706353
ff4hi,311,0.1725356021
ff4hi,312,0.1721593322
ff4hi,313,0.1726084832
ff4hi,314,0.1719704066
ff4hi,315,0.1717829775
ff4hi,316,0.1721874975
ff4hi,317,0.1717656733
ff4hi,318,0.1729730493
ff4hi,319,0.1724700391
ff4hi,320,0.1714812190
ff4hi,321,0.1716204070
ff4hi,322,0.1718265396
ff4hi,323,0.1717262514
ff4hi,324,0.1717679685
ff4hi,325,0.1734623252
ff4hi,326,0.1731698892
ff4hi,327,0.1729419065
ff4hi,328,0.1698718646
ff4hi,329,0.1715095505
ff4hi,330,0.1721473966
ff4hi,331,0.1708049224
ff4hi,332,0.1707265065
ff4hi,333,0.1720850619
ff4hi,334,0.1718311036
ff4hi,335,0.1701003578
ff4hi,336,0.1716464581
ff4hi,337,0.1708864822
ff4hi,338,0.1724452813
ff4hi,339,0.1703321905
ff4hi,340,0.1707197329
ff4hi,341,0.1719715879
ff4hi,342,0.1695526342
ff4hi,343,0.1701640919
ff4hi,344,0.1719970796
ff4hi,345,0.1732960678
ff4hi,346,0.1684773845
ff4hi,347,0.1706185305
ff4hi,348,0.1692218875
ff4hi,349,0.1726497766
ff4hi,350,0.1687252651
ff4hi,351,0.1690211327
ff4hi,352,0.1689631692
ff4hi,353,0.1688221825
ff4hi,354,0.1686402358
ff4hi,355,0.1670855257
ff4hi,356,0.1674811378
ff4hi,357,0.1690995195
ff4hi,358,0.1664982329
ff4hi,359,0.1675284075
ff4hi,360,0.1674908008
ff4hi,361,0.1646790803
ff4hi,362,0.1697571799
ff4hi,363,0.1685283517
ff4hi,364,0.1665324144
ff4hi,365,0.1669437722
ff4hi,366,0.1651920623
ff4hi,367,0.1637601770
ff4hi,368,0.1666556186
ff4hi,369,0.1635896960
ff4hi,370,0.1671447605
ff4hi,371,0.1654439190
ff4hi,372,0.1658318405
ff4hi,373,0.1636083845
ff4hi,374,0.1660675586
ff4hi,375,0.1623927067
ff4hi,376,0.1650201821
ff4hi,377,0.1629407019
ff4hi,378,0.1636578067
ff4hi,379,0.1643543264
ff4hi,380,0.1623346817
ff4hi,381,0.1635138809
ff4hi,382,0.1631425412
ff4hi,383,0.1633180436
ff4hi,384,0.1629060312
ff4hi,385,0.1642266489
ff4hi,386,0.1615441317
ff4hi,387,0.1625758894
ff4hi,388,0.1619046651
ff4hi,389,0.1605702065
ff4hi,390,0.1622894428
ff4hi,391,0.1612180942
ff4hi,392,0.1596860438
ff4hi,393,0.1621297903
ff4hi,394,0.1599797056
ff4hi,395,0.1604183230
ff4hi,396,0.1602402591
ff4hi,397,0.1618199172
ff4hi,398,0.1606669682
ff4hi,399,0.1606594661
ff4hi,400,0.1606984430
frac4,1,0.5000000000
frac4,2,0.2409830093
frac4,3,0.2409830093
frac4,4,0.2409830093
frac4,5,0.2409830093
frac4,6,0.1876968741
frac4,7,0.1876968741
frac4,8,0.1876968741
frac4,9,0.1876968741
frac4,10,0.1171875000
frac4,11,0.1171875000
frac4,12,0.1171875000
frac4,13,0.1171875000
frac4,14,0.1162109375
frac4,15,0.1162109375
frac4,16,0.1162109375
frac4,17,0.1162109375
frac4,18,0.1093750000
frac4,19,0.1093750000
frac4,20,0.1093750000
frac4,21,0.1093750000
frac4,22,0.1070021391
frac4,23,0.1070021391
frac4,24,0.1070021391
frac4,25,0.1070021391
frac4,26,0.1007956266
frac4,27,0.1007956266
frac4,28,0.1007956266
frac4,29,0.0997953638
frac4,30,0.0905761719
frac4,31,0.0905761719
frac4,32,0.0905761719
frac4,33,0.0905761719
frac4,34,0.0899751633
frac4,35,0.0899751633
frac4,36,0.0899751633
frac4,37,0.0899751633
frac4,38,0.0759277344
frac4,39,0.0759277344
frac4,40,0.0759277344
frac4,41,0.0759277344
frac4,42,0.0732688531
frac4,43,0.0732688531
frac4,44,0.0732688531
frac4,45,0.0732688531
frac4,46,0.0708105266
frac4,47,0.0708105266
frac4,48,0.0708105266
frac4,49,0.0708105266
frac4,50,0.0706453994
frac4,51,0.0706453994
frac4,52,0.0706453994
frac4,53,0.0706453994
frac4,54,0.0632857904
frac4,55,0.0632857904
frac4,56,0.0632857904
frac4,57,0.0632857904
frac4,58,0.0591609553
frac4,59,0.0571289062
frac4,60,0.0569866076
frac4,61,0.0569866076
frac4,62,0.0569866076
frac4,63,0.0560557507
frac4,64,0.0560557507
frac4,65,0.0560557507
frac4,66,0.0559082031
frac4,67,0.0542155020
frac4,68,0.0542155020
frac4,69,0.0534915477
frac4,70,0.0528697744
frac4,71,0.0528697744
frac4,72,0.0528697744
frac4,73,0.0528697744
frac4,74,0.0527280606
frac4,75,0.0527280606
frac4,76,0.0525800921
frac4,77,0.0525800921
frac4,78,0.0524902344
frac4,79,0.0524902344
frac4,80,0.0521921292
frac4,81,0.0520703085
frac4,82,0.0520703085
frac4,83,0.0520703085
frac4,84,0.0512695312
frac4,85,0.0512695312
frac4,86,0.0512695312
frac4,87,0.0512695312
frac4,88,0.0505726896
frac4,89,0.0505726896
frac4,90,0.0505726896
frac4,91,0.0505726896
frac4,92,0.0498789959
frac4,93,0.0490745008
frac4,94,0.0489222407
frac4,95,0.0489222407
frac4,96,0.0489222407
frac4,97,0.0489222407
frac4,98,0.0487156585
frac4,99,0.0487156585
frac4,100,0.0487156585
frac4,101,0.0482307486
frac4,102,0.0482307486
frac4,103,0.0482307486
frac4,104,0.0482307486
frac4,105,0.0481679440
frac4,106,0.0472928546
frac4,107,0.0472928546
frac4,108,0.0472928546
frac4,109,0.0472928546
frac4,110,0.0456963331
frac4,111,0.0456963331
frac4,112,0.0456963331
frac4,113,0.0456963331
frac4,114,0.0443061776
frac4,115,0.0443061776
frac4,116,0.0443061776
frac4,117,0.0437442660
frac4,118,0.0437134579
frac4,119,0.0437011719
frac4,120,0.0437011719
frac4,121,0.0437011719
frac4,122,0.0431163684
frac4,123,0.0431163684
frac4,124,0.0430868715
frac4,125,0.0430868715
frac4,126,0.0429368950
frac4,127,0.0429368950
frac4,128,0.0429368950
frac4,129,0.0428350195
frac4,130,0.0428350195
frac4,131,0.0428350195
frac4,132,0.0428350195
frac4,133,0.0426993594
frac4,134,0.0426993594
frac4,135,0.0426993594
frac4,136,0.0426993594
frac4,137,0.0425698645
frac4,138,0.0425698645
frac4,139,0.0425698645
frac4,140,0.0425698645
frac4,141,0.0424005613
frac4,142,0.0417033359
frac4,143,0.0410010330
frac4,144,0.0410010330
frac4,145,0.0410010330
frac4,146,0.0409355685
frac4,147,0.0409355685
frac4,148,0.0409355685
frac4,149,0.0409355685
frac4,150,0.0405970365
frac4,151,0.0405970365
frac4,152,0.0405970365
frac4,153,0.0405970365
frac4,154,0.0396319963
frac4,155,0.0396319963
frac4,156,0.0396319963
frac4,157,0.0396319963
frac4,158,0.0393840298
frac4,159,0.0393547751
frac4,160,0.0393547751
frac4,161,0.0393547751
frac4,162,0.0393547751
frac4,163,0.0390608944
frac4,164,0.0390608944
frac4,165,0.0390608944
frac4,166,0.0367852040
frac4,167,0.0367659591
frac4,168,0.0367659591
frac4,169,0.0367659591
frac4,170,0.0362660997
frac4,171,0.0362660997
frac4,172,0.0362660997
frac4,173,0.0362660997
frac4,174,0.0356445312
frac4,175,0.0356445312
frac4,176,0.0356445312
frac4,177,0.0356445312
frac4,178,0.0354003906
frac4,179,0.0354003906
frac4,180,0.0354003906
frac4,181,0.0354003906
frac4,182,0.0346163213
frac4,183,0.0346163213
frac4,184,0.0346163213
frac4,185,0.0346163213
frac4,186,0.0345736705
frac4,187,0.0345736705
frac4,188,0.0345736705
frac4,189,0.0345736705
frac4,190,0.0343841203
frac4,191,0.0343841203
frac4,192,0.0342417210
frac4,193,0.0342417210
frac4,194,0.0342417210
frac4,195,0.0342417210
frac4,196,0.0342180841
frac4,197,0.0342180841
frac4,198,0.0342180841
frac4,199,0.0340691470
frac4,200,0.0340691470
frac4,201,0.0340691470
frac4,202,0.0340691470
frac4,203,0.0339355469
frac4,204,0.0339355469
frac4,205,0.0339355469
frac4,206,0.0339355469
frac4,207,0.0338984691
frac4,208,0.0338984691
frac4,209,0.0338726826
frac4,210,0.0338598788
frac4,211,0.0338598788
frac4,212,0.0331796445
frac4,213,0.0331796445
frac4,214,0.0331796445
frac4,215,0.0331796445
frac4,216,0.0331693664
frac4,217,0.0331693664
frac4,218,0.0331693664
frac4,219,0.0331693664
frac4,220,0.0330935419
frac4,221,0.0330935419
frac4,222,0.0330935419
frac4,223,0.0330935419
frac4,224,0.0324707031
frac4,225,0.0324707031
frac4,226,0.0323011018
frac4,227,0.0323011018
frac4,228,0.0319178887
frac4,229,0.0319178887
frac4,230,0.0311741028
frac4,231,0.0311164055
frac4,232,0.0310058594
frac4,233,0.0310058594
frac4,234,0.0310058594
frac4,235,0.0310058594
frac4,236,0.0300474521
frac4,237,0.0300474521
frac4,238,0.0300474521
frac4,239,0.0300203860
frac4,240,0.0297054611
frac4,241,0.0297054611
frac4,242,0.0297054611
frac4,243,0.0297054611
frac4,244,0.0292196088
frac4,245,0.0292196088
frac4,246,0.0292196088
frac4,247,0.0292196088
frac4,248,0.0291783903
frac4,249,0.0291753765
frac4,250,0.0290912781
frac4,251,0.0290354565
frac4,252,0.0290354565
frac4,253,0.0290354565
frac4,254,0.0290354565
frac4,255,0.0287048966
frac4,256,0.0287048966
frac4,257,0.0279183835
frac4,258,0.0279183835
frac4,259,0.0279183835
frac4,260,0.0279183835
frac4,261,0.0278611891
frac4,262,0.0278611891
frac4,263,0.0278611891
frac4,264,0.0278611891
frac4,265,0.0278391875
frac4,266,0.0278391875
frac4,267,0.0278391875
frac4,268,0.0278391875
frac4,269,0.0278320312
frac4,270,0.0278320312
frac4,271,0.0278320312
frac4,272,0.0278320312
frac4,273,0.0278320312
frac4,274,0.0278320312
frac4,275,0.0277990177
frac4,276,0.0277752727
frac4,277,0.0276725702
frac4,278,0.0276725702
frac4,279,0.0276725702
frac4,280,0.0274624284
frac4,281,0.0274624284
frac4,282,0.0274624284
frac4,283,0.0274624284
frac4,284,0.0273994207
frac4,285,0.0273171086
frac4,286,0.0273171086
frac4,287,0.0272241887
frac4,288,0.0272241887
frac4,289,0.0271535143
frac4,290,0.0271535143
frac4,291,0.0271535143
frac4,292,0.0270728320
frac4,293,0.0270728320
frac4,294,0.0270728320
frac4,295,0.0270016324
frac4,296,0.0269850809
frac4,297,0.0269144885
frac4,298,0.0269144885
frac4,299,0.0268554688
frac4,300,0.0268406402
frac4,301,0.0268406402
frac4,302,0.0268406384
frac4,303,0.0267364550
frac4,304,0.0267364550
frac4,305,0.0267364550
frac4,306,0.0267364550
frac4,307,0.0266464073
frac4,308,0.0266464073
frac4,309,0.0266464073
frac4,310,0.0266464073
frac4,311,0.0266069025
frac4,312,0.0264555160
frac4,313,0.0264555160
frac4,314,0.0263402779
frac4,315,0.0263402779
frac4,316,0.0263402779
frac4,317,0.0263402779
frac4,318,0.0263136551
frac4,319,0.0263136551
frac4,320,0.0263136551
frac4,321,0.0263136551
frac4,322,0.0259781033
frac4,323,0.0259781033
frac4,324,0.0259781033
frac4,325,0.0259781033
frac4,326,0.0256746709
frac4,327,0.0256746709
frac4,328,0.0256347656
frac4,329,0.0256021526
frac4,330,0.0256021526
frac4,331,0.0256021526
frac4,332,0.0256001521
frac4,333,0.0255962964
frac4,334,0.0255921632
frac4,335,0.0254281871
frac4,336,0.0254281871
frac4,337,0.0254281871
frac4,338,0.0252697617
frac4,339,0.0252596401
frac4,340,0.0252032150
frac4,341,0.0252032150
frac4,342,0.0251865834
frac4,343,0.0251865834
frac4,344,0.0251865834
frac4,345,0.0251629408
frac4,346,0.0251464844
frac4,347,0.0251464844
frac4,348,0.0249860939
frac4,349,0.0249860939
frac4,350,0.0249860939
frac4,351,0.0248049684
frac4,352,0.0247925799
frac4,353,0.0247925799
frac4,354,0.0247925799
frac4,355,0.0247925799
frac4,356,0.0245511122
frac4,357,0.0245511122
frac4,358,0.0245460533
frac4,359,0.0245460533
frac4,360,0.0245079510
frac4,361,0.0245079510
frac4,362,0.0243724305
frac4,363,0.0243724305
frac4,364,0.0243724305
frac4,365,0.0243724305
frac4,366,0.0242447592
frac4,367,0.0242278911
frac4,368,0.0242278911
frac4,369,0.0241152011
frac4,370,0.0240855701
frac4,371,0.0240855701
frac4,372,0.0240855701
frac4,373,0.0239859466
frac4,374,0.0238634814
frac4,375,0.0238634814
frac4,376,0.0238634814
frac4,377,0.0238634814
frac4,378,0.0237861965
frac4,379,0.0237861965
frac4,380,0.0237861965
frac4,381,0.0237776283
frac4,382,0.0236957371
frac4,383,0.0236541647
frac4,384,0.0236541647
frac4,385,0.0236541647
frac4,386,0.0236040354
frac4,387,0.0236040354
frac4,388,0.0236040354
frac4,389,0.0236040354
frac4,390,0.0235024597
frac4,391,0.0234798677
frac4,392,0.0234375000
frac4,393,0.0234375000
frac4,394,0.0234375000
frac4,395,0.0234375000
frac4,396,0.0234344006
frac4,397,0.0234344006
frac4,398,0.0232970472
frac4,399,0.0232970472
frac4,400,0.0232970472
frac4,401,0.0232970472
frac4,402,0.0231956169
frac4,403,0.0231288653
frac4,404,0.0231216606
frac4,405,0.0230902825
frac4,406,0.0230415221
frac4,407,0.0230415221
frac4,408,0.0227476433
frac4,409,0.0227476433
frac4,410,0.0227279440
frac4,411,0.0227279440
frac4,412,0.0227278154
frac4,413,0.0227278154
frac4,414,0.0224926248
frac4,415,0.0224682149
frac4,416,0.0224150792
frac4,417,0.0224150792
frac4,418,0.0224150792
frac4,419,0.0224150792
frac4,420,0.0224041119
frac4,421,0.0224041119
frac4,422,0.0224041119
frac4,423,0.0224041119
frac4,424,0.0222123992
frac4,425,0.0222123992
frac4,426,0.0222123992
frac4,427,0.0222123992
frac4,428,0.0221270006
frac4,429,0.0221270006
frac4,430,0.0220224932
frac4,431,0.0220224932
frac4,432,0.0220224932
frac4,433,0.0220224932
frac4,434,0.0219726562
frac4,435,0.0219726562
frac4,436,0.0219726562
frac4,437,0.0219726562
frac4,438,0.0218823459
frac4,439,0.0218823459
frac4,440,0.0218823459
frac4,441,0.0218823459
frac4,442,0.0218716338
frac4,443,0.0218716338
frac4,444,0.0218716338
frac4,445,0.0218716338
frac4,446,0.0217609704
frac4,447,0.0217609704
frac4,448,0.0216840319
frac4,449,0.0216840319
frac4,450,0.0216840319
frac4,451,0.0216840319
frac4,452,0.0215489287
frac4,453,0.0215489287
frac4,454,0.0215234347
frac4,455,0.0215234347
frac4,456,0.0215234347
frac4,457,0.0215234347
frac4,458,0.0214843750
frac4,459,0.0214843750
frac4,460,0.0214843750
frac4,461,0.0214843750
frac4,462,0.0214110278
frac4,463,0.0214110278
frac4,464,0.0214110278
frac4,465,0.0214110278
frac4,466,0.0213477537
frac4,467,0.0213477537
frac4,468,0.0213477537
frac4,469,0.0213477537
frac4,470,0.0213026684
frac4,471,0.0213026684
frac4,472,0.0213026684
frac4,473,0.0213026684
frac4,474,0.0212932322
frac4,475,0.0212127455
frac4,476,0.0212127455
frac4,477,0.0212127455
frac4,478,0.0212127455
frac4,479,0.0211967230
frac4,480,0.0211967230
frac4,481,0.0211967230
frac4,482,0.0211967230
frac4,483,0.0211915690
frac4,484,0.0211160239
frac4,485,0.0211160239
frac4,486,0.0211160239
frac4,487,0.0211155210
frac4,488,0.0210650843
frac4,489,0.0208515842
frac4,490,0.0208515842
frac4,491,0.0208515767
frac4,492,0.0208515767
frac4,493,0.0208138209
frac4,494,0.0208138209
frac4,495,0.0207868461
frac4,496,0.0207868461
frac4,497,0.0207868461
frac4,498,0.0207868461
frac4,499,0.0207727011
frac4,500,0.0207727011
frac4,501,0.0207727011
frac4,502,0.0207727011
frac4,503,0.0207519531
frac4,504,0.0207519531
frac4,505,0.0207117889
frac4,506,0.0207117889
frac4,507,0.0206851177
frac4,508,0.0206851177
frac4,509,0.0206544250
frac4,510,0.0206544250
frac4,511,0.0206544250
frac4,512,0.0206544250
frac4,513,0.0206314810
frac4,514,0.0206314810
frac4,515,0.0206314810
frac4,516,0.0206314810
frac4,517,0.0206293128
frac4,518,0.0206293128
frac4,519,0.0206169076
frac4,520,0.0206169076
frac4,521,0.0205287598
frac4,522,0.0205287598
frac4,523,0.0205287598
frac4,524,0.0205287598
frac4,525,0.0204922948
frac4,526,0.0204922948
frac4,527,0.0204922948
frac4,528,0.0204922948
frac4,529,0.0204777159
frac4,530,0.0204181392
frac4,531,0.0204181392
frac4,532,0.0204181392
frac4,533,0.0204181392
frac4,534,0.0203997307
frac4,535,0.0203997307
frac4,536,0.0203997307
frac4,537,0.0203777608
frac4,538,0.0203777608
frac4,539,0.0203777608
frac4,540,0.0203690734
frac4,541,0.0203690734
frac4,542,0.0203690734
frac4,543,0.0203626789
frac4,544,0.0202972610
frac4,545,0.0202372372
frac4,546,0.0202372372
frac4,547,0.0202372372
frac4,548,0.0202372372
frac4,549,0.0201744083
frac4,550,0.0201586727
frac4,551,0.0201387107
frac4,552,0.0201387107
frac4,553,0.0201387107
frac4,554,0.0201387107
frac4,555,0.0201266818
frac4,556,0.0200828854
frac4,557,0.0200682543
frac4,558,0.0200682543
frac4,559,0.0200682543
frac4,560,0.0200625639
frac4,561,0.0199876502
frac4,562,0.0199876502
frac4,563,0.0199876502
frac4,564,0.0199350230
frac4,565,0.0199350230
frac4,566,0.0199350230
frac4,567,0.0199331604
frac4,568,0.0199331604
frac4,569,0.0198500808
frac4,570,0.0197961368
frac4,571,0.0197753906
frac4,572,0.0197753906
frac4,573,0.0197753906
frac4,574,0.0197753906
frac4,575,0.0197626278
frac4,576,0.0197540224
frac4,577,0.0197540224
frac4,578,0.0197197627
frac4,579,0.0196761861
frac4,580,0.0196761861
frac4,581,0.0196761861
frac4,582,0.0196761861
frac4,583,0.0196243078
frac4,584,0.0196243078
frac4,585,0.0196236894
frac4,586,0.0196236894
frac4,587,0.0196236894
frac4,588,0.0196096376
frac4,589,0.0196096376
frac4,590,0.0196096376
frac4,591,0.0196096376
frac4,592,0.0196053367
frac4,593,0.0196033046
frac4,594,0.0196033046
frac4,595,0.0196015555
frac4,596,0.0196015555
frac4,597,0.0195197016
frac4,598,0.0195197016
frac4,599,0.0194881167
frac4,600,0.0193620399
frac4,601,0.0193620399
frac4,602,0.0193174891
frac4,603,0.0192709863
frac4,604,0.0192533229
frac4,605,0.0192533229
frac4,606,0.0192482546
frac4,607,0.0192482546
frac4,608,0.0192218646
frac4,609,0.0192218646
frac4,610,0.0192218646
frac4,611,0.0192218646
frac4,612,0.0191966686
frac4,613,0.0191966686
frac4,614,0.0191966686
frac4,615,0.0191966686
frac4,616,0.0191742256
frac4,617,0.0191742256
frac4,618,0.0191742256
frac4,619,0.0191742256
frac4,620,0.0191382933
frac4,621,0.0191382933
frac4,622,0.0191382933
frac4,623,0.0190630034
frac4,624,0.0190630034
frac4,625,0.0190630034
frac4,626,0.0190630034
frac4,627,0.0188002940
frac4,628,0.0188002940
frac4,629,0.0188002922
frac4,630,0.0188002922
frac4,631,0.0187055487
frac4,632,0.0187055487
frac4,633,0.0187055487
frac4,634,0.0187055487
frac4,635,0.0186577942
frac4,636,0.0186577942
frac4,637,0.0186577942
frac4,638,0.0186577942
frac4,639,0.0186490510
frac4,640,0.0186147708
frac4,641,0.0186147708
frac4,642,0.0186147708
frac4,643,0.0186147708
frac4,644,0.0185917411
frac4,645,0.0185572840
frac4,646,0.0185572840
frac4,647,0.0185572840
frac4,648,0.0185572840
frac4,649,0.0184970796
frac4,650,0.0184970796
frac4,651,0.0184970796
frac4,652,0.0184283722
frac4,653,0.0184283722
frac4,654,0.0183724519
frac4,655,0.0183597989
frac4,656,0.0183597989
frac4,657,0.0183597989
frac4,658,0.0183597989
frac4,659,0.0183290653
frac4,660,0.0183290653
frac4,661,0.0183290634
frac4,662,0.0183290634
frac4,663,0.0182827171
frac4,664,0.0182827171
frac4,665,0.0182827171
frac4,666,0.0182827171
frac4,667,0.0182250254
frac4,668,0.0178891886
frac4,669,0.0178891886
frac4,670,0.0178891886
frac4,671,0.0178891886
frac4,672,0.0178419687
frac4,673,0.0178222656
frac4,674,0.0178222656
frac4,675,0.0178222656
frac4,676,0.0178222656
frac4,677,0.0177263580
frac4,678,0.0177263580
frac4,679,0.0177257825
frac4,680,0.0176839568
frac4,681,0.0176839568
frac4,682,0.0176523086
frac4,683,0.0176523086
frac4,684,0.0176444631
frac4,685,0.0176444631
frac4,686,0.0176444631
frac4,687,0.0176444631
frac4,688,0.0176276248
frac4,689,0.0176276248
frac4,690,0.0176036227
frac4,691,0.0175889321
frac4,692,0.0175889321
frac4,693,0.0175889321
frac4,694,0.0175864026
frac4,695,0.0174967125
frac4,696,0.0174967125
frac4,697,0.0174967125
frac4,698,0.0174893364
frac4,699,0.0174893364
frac4,700,0.0174893364
frac4,701,0.0174893364
frac4,702,0.0174584333
frac4,703,0.0174584314
frac4,704,0.0174584314
frac4,705,0.0174495131
frac4,706,0.0174495131
frac4,707,0.0174357630
frac4,708,0.0174172204
frac4,709,0.0174172204
frac4,710,0.0174172204
frac4,711,0.0174172204
frac4,712,0.0173519384
frac4,713,0.0173081607
frac4,714,0.0172993857
frac4,715,0.0172440708
frac4,716,0.0172440708
frac4,717,0.0171922483
frac4,718,0.0171922483
frac4,719,0.0171922483
frac4,720,0.0171092935
frac4,721,0.0171092935
frac4,722,0.0171092935
frac4,723,0.0169592761
frac4,724,0.0169592761
frac4,725,0.0169424303
frac4,726,0.0169424303
frac4,727,0.0169011652
frac4,728,0.0169011652
frac4,729,0.0169011652
frac4,730,0.0169011652
frac4,731,0.0168765076
frac4,732,0.0168765076
frac4,733,0.0168765076
frac4,734,0.0168765076
frac4,735,0.0168614872
frac4,736,0.0168614872
frac4,737,0.0168614872
frac4,738,0.0168507677
frac4,739,0.0168050118
frac4,740,0.0168050118
frac4,741,0.0168050118
frac4,742,0.0167901888
frac4,743,0.0167901888
frac4,744,0.0167901888
frac4,745,0.0167901888
frac4,746,0.0167659428
frac4,747,0.0167659428
frac4,748,0.0167659409
frac4,749,0.0167659409
frac4,750,0.0166710149
frac4,751,0.0166693944
frac4,752,0.0166196302
frac4,753,0.0166196302
frac4,754,0.0165791102
frac4,755,0.0165791102
frac4,756,0.0165719651
frac4,757,0.0165625513
frac4,758,0.0165625513
frac4,759,0.0165625513
frac4,760,0.0165619496
frac4,761,0.0165619496
frac4,762,0.0165619496
frac4,763,0.0165615268
frac4,764,0.0165615268
frac4,765,0.0165615268
frac4,766,0.0165598914
frac4,767,0.0165586323
frac4,768,0.0165586323
frac4,769,0.0165586323
frac4,770,0.0165586323
frac4,771,0.0165413450
frac4,772,0.0165413450
frac4,773,0.0165413432
frac4,774,0.0165413432
frac4,775,0.0165252462
frac4,776,0.0165078733
frac4,777,0.0165052544
frac4,778,0.0164452642
frac4,779,0.0164151862
frac4,780,0.0164151862
frac4,781,0.0164151862
frac4,782,0.0164042935
frac4,783,0.0164042935
frac4,784,0.0163879655
frac4,785,0.0163879655
frac4,786,0.0163879655
frac4,787,0.0163879655
frac4,788,0.0163574219
frac4,789,0.0163574219
frac4,790,0.0163574219
frac4,791,0.0163574219
frac4,792,0.0163574219
frac4,793,0.0163574219
frac4,794,0.0163234994
frac4,795,0.0163234994
frac4,796,0.0163167622
frac4,797,0.0163167622
frac4,798,0.0163101554
frac4,799,0.0163101554
frac4,800,0.0163101554
frac4,801,0.0163101554
frac4,802,0.0162983201
frac4,803,0.0162965227
frac4,804,0.0162827447
frac4,805,0.0162771326
frac4,806,0.0162575804
frac4,807,0.0162135474
frac4,808,0.0162135474
frac4,809,0.0162135456
frac4,810,0.0162013602
frac4,811,0.0162013602
frac4,812,0.0161926467
frac4,813,0.0161926467
frac4,814,0.0161776524
frac4,815,0.0161776524
frac4,816,0.0161776524
frac4,817,0.0161776524
frac4,818,0.0161763784
frac4,819,0.0161763784
frac4,820,0.0161763784
frac4,821,0.0161763784
frac4,822,0.0161747355
frac4,823,0.0161747355
frac4,824,0.0161747355
frac4,825,0.0161747355
frac4,826,0.0161525030
frac4,827,0.0161525030
frac4,828,0.0161525030
frac4,829,0.0161525030
frac4,830,0.0161357466
frac4,831,0.0161357466
frac4,832,0.0161132812
frac4,833,0.0161132812
frac4,834,0.0161132812
frac4,835,0.0160853006
frac4,836,0.0160853006
frac4,837,0.0160853006
frac4,838,0.0160853006
frac4,839,0.0160775874
frac4,840,0.0160775874
frac4,841,0.0160726048
frac4,842,0.0159704369
frac4,843,0.0159550235
frac4,844,0.0159550235
frac4,845,0.0159548540
frac4,846,0.0159548540
frac4,847,0.0159548540
frac4,848,0.0159548540
frac4,849,0.0159242842
frac4,850,0.0159069765
frac4,851,0.0159069765
frac4,852,0.0158830713
frac4,853,0.0158820041
frac4,854,0.0158820041
frac4,855,0.0158716682
frac4,856,0.0158716682
frac4,857,0.0158356521
frac4,858,0.0158356521
frac4,859,0.0157620069
frac4,860,0.0157620069
frac4,861,0.0157620069
frac4,862,0.0157615021
frac4,863,0.0157615021
frac4,864,0.0157615021
frac4,865,0.0157455262
frac4,866,0.0157455262
frac4,867,0.0157455262
frac4,868,0.0157379061
frac4,869,0.0157040916
frac4,870,0.0157040916
frac4,871,0.0157040916
frac4,872,0.0156732071
frac4,873,0.0156043423
frac4,874,0.0156043423
frac4,875,0.0155939609
frac4,876,0.0155939609
frac4,877,0.0155938677
frac4,878,0.0155710857
frac4,879,0.0155710857
frac4,880,0.0155130792
frac4,881,0.0155130792
frac4,882,0.0155130774
frac4,883,0.0155130774
frac4,884,0.0154974284
frac4,885,0.0154974284
frac4,886,0.0154974284
frac4,887,0.0154974284
frac4,888,0.0154806180
frac4,889,0.0154806180
frac4,890,0.0154806180
frac4,891,0.0154784415
frac4,892,0.0154730659
frac4,893,0.0154660083
frac4,894,0.0154660083
frac4,895,0.0154660083
frac4,896,0.0154349599
frac4,897,0.0154349599
frac4,898,0.0154349599
frac4,899,0.0154245766
frac4,900,0.0154245766
frac4,901,0.0154245766
frac4,902,0.0154245766
frac4,903,0.0154165672
frac4,904,0.0154165672
frac4,905,0.0154165672
frac4,906,0.0153678125
frac4,907,0.0153383659
frac4,908,0.0153383659
frac4,909,0.0153383659
frac4,910,0.0153383659
frac4,911,0.0153084500
frac4,912,0.0153084500
frac4,913,0.0153084500
frac4,914,0.0152703859
frac4,915,0.0152687645
frac4,916,0.0152687645
frac4,917,0.0152687645
frac4,918,0.0152687645
frac4,919,0.0151710697
frac4,920,0.0151442243
frac4,921,0.0151442243
frac4,922,0.0151442243
frac4,923,0.0151442243
frac4,924,0.0151210986
frac4,925,0.0151210986
frac4,926,0.0151210986
frac4,927,0.0151210986
frac4,928,0.0150990030
frac4,929,0.0150990030
frac4,930,0.0150901256
frac4,931,0.0150901256
frac4,932,0.0150892958
frac4,933,0.0150892958
frac4,934,0.0150635196
frac4,935,0.0150635196
frac4,936,0.0150635196
frac4,937,0.0150635196
frac4,938,0.0149547085
frac4,939,0.0149401790
frac4,940,0.0149401790
frac4,941,0.0149401790
frac4,942,0.0149353659
frac4,943,0.0148917912
frac4,944,0.0148917912
frac4,945,0.0148917912
frac4,946,0.0148173077
frac4,947,0.0148173077
frac4,948,0.0148173077
frac4,949,0.0148173077
frac4,950,0.0147898262
frac4,951,0.0147783644
frac4,952,0.0147783644
frac4,953,0.0147783644
frac4,954,0.0147783644
frac4,955,0.0147364270
frac4,956,0.0147293657
frac4,957,0.0147293657
frac4,958,0.0147293657
frac4,959,0.0147293657
frac4,960,0.0147137642
frac4,961,0.0147137642
frac4,962,0.0147137642
frac4,963,0.0147009073
frac4,964,0.0147009073
frac4,965,0.0147008142
frac4,966,0.0146895312
frac4,967,0.0146875186
frac4,968,0.0146875186
frac4,969,0.0146875186
frac4,970,0.0146875186
frac4,971,0.0146541614
frac4,972,0.0146490913
frac4,973,0.0145913688
frac4,974,0.0145913688
frac4,975,0.0145913661
frac4,976,0.0145913661
frac4,977,0.0145806614
frac4,978,0.0145798661
frac4,979,0.0145798661
frac4,980,0.0144698210
frac4,981,0.0144698210
frac4,982,0.0144698210
frac4,983,0.0144698210
frac4,984,0.0144646307
frac4,985,0.0144646307
frac4,986,0.0144646307
frac4,987,0.0144646307
frac4,988,0.0144109577
frac4,989,0.0144109577
frac4,990,0.0144042969
frac4,991,0.0144042969
frac4,992,0.0144042969
frac4,993,0.0144042969
frac4,994,0.0144042969
frac4,995,0.0144042969
frac4,996,0.0144042969
frac4,997,0.0144042969
frac4,998,0.0144042717
frac4,999,0.0144042717
frac4,1000,0.0144042717
frac4,1001,0.0144042717
frac4,1002,0.0143778427
frac4,1003,0.0143778427
frac4,1004,0.0143455463
frac4,1005,0.0143455463
frac4,1006,0.0143455463
frac4,1007,0.0143455463
frac4,1008,0.0143348258
frac4,1009,0.0143198660
frac4,1010,0.0143198660
frac4,1011,0.0143198660
frac4,1012,0.0143198660
frac4,1013,0.0143157868
frac4,1014,0.0143153211
frac4,1015,0.0142937414
frac4,1016,0.0142839765
frac4,1017,0.0142435599
frac4,1018,0.0142435599
frac4,1019,0.0142435599
frac4,1020,0.0142363971
frac4,1021,0.0142363971
frac4,1022,0.0142268175
frac4,1023,0.0142268175
frac4,1024,0.0142268175
frac4,1025,0.0142268175
frac4,1026,0.0141865136
frac4,1027,0.0141865136
frac4,1028,0.0141865136
frac4,1029,0.0141865136
frac4,1030,0.0141597493
frac4,1031,0.0141523415
frac4,1032,0.0141402315
frac4,1033,0.0141402315
frac4,1034,0.0141402315
frac4,1035,0.0141274258
frac4,1036,0.0141274258
frac4,1037,0.0141274258
frac4,1038,0.0141074555
frac4,1039,0.0140446452
frac4,1040,0.0140446452
frac4,1041,0.0140446452
frac4,1042,0.0140446452
frac4,1043,0.0140380170
frac4,1044,0.0140380170
frac4,1045,0.0139770694
frac4,1046,0.0139256436
frac4,1047,0.0139256436
frac4,1048,0.0139256436
frac4,1049,0.0139256436
frac4,1050,0.0139160156
frac4,1051,0.0139160156
frac4,1052,0.0139160156
frac4,1053,0.0139160156
frac4,1054,0.0139083508
frac4,1055,0.0139083508
frac4,1056,0.0139083508
frac4,1057,0.0139083508
frac4,1058,0.0139059387
frac4,1059,0.0139059387
frac4,1060,0.0139059387
frac4,1061,0.0138398698
frac4,1062,0.0138150426
frac4,1063,0.0138150426
frac4,1064,0.0138150426
frac4,1065,0.0138150426
frac4,1066,0.0137861669
frac4,1067,0.0137861669
frac4,1068,0.0137115801
frac4,1069,0.0137115801
frac4,1070,0.0137115801
frac4,1071,0.0137115801
frac4,1072,0.0137004294
frac4,1073,0.0136718750
frac4,1074,0.0136718750
frac4,1075,0.0136718750
frac4,1076,0.0136718750
frac4,1077,0.0136625767
frac4,1078,0.0136493081
frac4,1079,0.0136493081
frac4,1080,0.0136493063
frac4,1081,0.0136424638
frac4,1082,0.0136424638
frac4,1083,0.0136424638
frac4,1084,0.0136424638
frac4,1085,0.0136068575
frac4,1086,0.0136068575
frac4,1087,0.0135757374
frac4,1088,0.0135605643
frac4,1089,0.0135605643
frac4,1090,0.0135605643
frac4,1091,0.0135605643
frac4,1092,0.0135546653
frac4,1093,0.0135546653
frac4,1094,0.0135546653
frac4,1095,0.0135546653
frac4,1096,0.0135542331
frac4,1097,0.0135542331
frac4,1098,0.0135542331
frac4,1099,0.0135542331
frac4,1100,0.0135432584
frac4,1101,0.0135432584
frac4,1102,0.0135432584
frac4,1103,0.0135415671
frac4,1104,0.0135415671
frac4,1105,0.0135099450
frac4,1106,0.0135099450
frac4,1107,0.0135030057
frac4,1108,0.0135030057
frac4,1109,0.0134988613
frac4,1110,0.0134988613
frac4,1111,0.0134988613
frac4,1112,0.0134859094
frac4,1113,0.0134828389
frac4,1114,0.0134782968
frac4,1115,0.0134782968
frac4,1116,0.0134754283
frac4,1117,0.0134754283
frac4,1118,0.0134754283
frac4,1119,0.0134754283
frac4,1120,0.0134753408
frac4,1121,0.0134753408
frac4,1122,0.0134750903
frac4,1123,0.0134750903
frac4,1124,0.0134713836
frac4,1125,0.0134713836
frac4,1126,0.0134713836
frac4,1127,0.0134713836
frac4,1128,0.0134668620
frac4,1129,0.0134660276
frac4,1130,0.0133830654
frac4,1131,0.0133830654
frac4,1132,0.0133742150
frac4,1133,0.0133742150
frac4,1134,0.0133742150
frac4,1135,0.0133742150
frac4,1136,0.0133691076
frac4,1137,0.0133691076
frac4,1138,0.0133691076
frac4,1139,0.0133691076
frac4,1140,0.0133250505
frac4,1141,0.0133250505
frac4,1142,0.0133250505
frac4,1143,0.0133250505
frac4,1144,0.0132642947
frac4,1145,0.0132642947
frac4,1146,0.0132552553
frac4,1147,0.0132552553
frac4,1148,0.0132145034
frac4,1149,0.0132145034
frac4,1150,0.0132145034
frac4,1151,0.0132145034
frac4,1152,0.0132134845
frac4,1153,0.0132134845
frac4,1154,0.0132109215
frac4,1155,0.0131835938
frac4,1156,0.0131835938
frac4,1157,0.0131835938
frac4,1158,0.0131835938
frac4,1159,0.0131835938
frac4,1160,0.0131835938
frac4,1161,0.0131785311
frac4,1162,0.0131663019
frac4,1163,0.0131663019
frac4,1164,0.0131651349
frac4,1165,0.0131651349
frac4,1166,0.0131606385
frac4,1167,0.0131606385
frac4,1168,0.0131606385
frac4,1169,0.0131524745
frac4,1170,0.0131524745
frac4,1171,0.0131524745
frac4,1172,0.0131524745
frac4,1173,0.0131509593
frac4,1174,0.0131509593
frac4,1175,0.0131379645
frac4,1176,0.0131379645
frac4,1177,0.0131291933
frac4,1178,0.0131291877
frac4,1179,0.0131291877
frac4,1180,0.0131291877
frac4,1181,0.0131141078
frac4,1182,0.0131141078
frac4,1183,0.0130895413
frac4,1184,0.0130895413
frac4,1185,0.0130769368
frac4,1186,0.0130769368
frac4,1187,0.0130684180
frac4,1188,0.0130684180
frac4,1189,0.0130681479
frac4,1190,0.0130681479
frac4,1191,0.0130681479
frac4,1192,0.0130681479
frac4,1193,0.0130595425
frac4,1194,0.0130514996
frac4,1195,0.0130514996
frac4,1196,0.0130514996
frac4,1197,0.0130514996
frac4,1198,0.0130453156
frac4,1199,0.0130335353
frac4,1200,0.0130335353
frac4,1201,0.0130335353
frac4,1202,0.0130335353
frac4,1203,0.0130171208
frac4,1204,0.0129802553
frac4,1205,0.0129802553
frac4,1206,0.0129802553
frac4,1207,0.0129688270
frac4,1208,0.0129688270
frac4,1209,0.0129688270
frac4,1210,0.0129688270
frac4,1211,0.0129665369
frac4,1212,0.0129580144
frac4,1213,0.0129580144
frac4,1214,0.0129580144
frac4,1215,0.0129580144
frac4,1216,0.0129571930
frac4,1217,0.0129571930
frac4,1218,0.0129506588
frac4,1219,0.0129506588
frac4,1220,0.0129506588
frac4,1221,0.0129411202
frac4,1222,0.0129411202
frac4,1223,0.0129411202
frac4,1224,0.0129407933
frac4,1225,0.0129407933
frac4,1226,0.0129407933
frac4,1227,0.0129401609
frac4,1228,0.0129394531
frac4,1229,0.0129394531
frac4,1230,0.0129394531
frac4,1231,0.0129394531
frac4,1232,0.0129394531
frac4,1233,0.0129394531
frac4,1234,0.0129394531
frac4,1235,0.0129394531
frac4,1236,0.0129374070
frac4,1237,0.0129261278
frac4,1238,0.0129261278
frac4,1239,0.0129261278
frac4,1240,0.0129261278
frac4,1241,0.0129215280
frac4,1242,0.0129215280
frac4,1243,0.0129215280
frac4,1244,0.0129157873
frac4,1245,0.0129052252
frac4,1246,0.0129052252
frac4,1247,0.0129052205
frac4,1248,0.0128977569
frac4,1249,0.0128977569
frac4,1250,0.0128977569
frac4,1251,0.0128932530
frac4,1252,0.0128866518
frac4,1253,0.0128837945
frac4,1254,0.0128747765
frac4,1255,0.0128747765
frac4,1256,0.0128747765
frac4,1257,0.0128747765
frac4,1258,0.0128561025
frac4,1259,0.0128440466
frac4,1260,0.0128440466
frac4,1261,0.0128358323
frac4,1262,0.0128319953
frac4,1263,0.0128319953
frac4,1264,0.0128319953
frac4,1265,0.0128319953
frac4,1266,0.0128054321
frac4,1267,0.0127878096
frac4,1268,0.0127767827
frac4,1269,0.0127767827
frac4,1270,0.0127767827
frac4,1271,0.0127767827
frac4,1272,0.0127704982
frac4,1273,0.0127664516
frac4,1274,0.0127620772
frac4,1275,0.0127613097
frac4,1276,0.0127613097
frac4,1277,0.0127613097
frac4,1278,0.0127613097
frac4,1279,0.0127613097
frac4,1280,0.0127613097
frac4,1281,0.0127576059
frac4,1282,0.0127576059
frac4,1283,0.0127576059
frac4,1284,0.0127281360
frac4,1285,0.0127249714
frac4,1286,0.0127127487
frac4,1287,0.0127127487
frac4,1288,0.0127127487
frac4,1289,0.0127127487
frac4,1290,0.0127022555
frac4,1291,0.0127022555
frac4,1292,0.0127022555
frac4,1293,0.0126953125
frac4,1294,0.0126953125
frac4,1295,0.0126657076
frac4,1296,0.0126563041
frac4,1297,0.0126563041
frac4,1298,0.0126563041
frac4,1299,0.0126563041
frac4,1300,0.0126382215
frac4,1301,0.0126382215
frac4,1302,0.0126382215
frac4,1303,0.0126382215
frac4,1304,0.0126338098
frac4,1305,0.0126338098
frac4,1306,0.0126338098
frac4,1307,0.0126338098
frac4,1308,0.0126335584
frac4,1309,0.0126335584
frac4,1310,0.0126335584
frac4,1311,0.0126335584
frac4,1312,0.0126091773
frac4,1313,0.0126091773
frac4,1314,0.0125954840
frac4,1315,0.0125954831
frac4,1316,0.0125954831
frac4,1317,0.0125933625
frac4,1318,0.0125933625
frac4,1319,0.0125909681
frac4,1320,0.0125909681
frac4,1321,0.0125710508
frac4,1322,0.0125710508
frac4,1323,0.0125710508
frac4,1324,0.0125710508
frac4,1325,0.0125647457
frac4,1326,0.0125647457
frac4,1327,0.0125647457
frac4,1328,0.0125581985
frac4,1329,0.0125205778
frac4,1330,0.0124950614
frac4,1331,0.0124950614
frac4,1332,0.0124765253
frac4,1333,0.0124765253
frac4,1334,0.0124760410
frac4,1335,0.0124640018
frac4,1336,0.0124640018
frac4,1337,0.0124518508
frac4,1338,0.0124518508
frac4,1339,0.0124518508
frac4,1340,0.0124518508
frac4,1341,0.0124486517
frac4,1342,0.0124426205
frac4,1343,0.0124426205
frac4,1344,0.0124366125
frac4,1345,0.0124359159
frac4,1346,0.0124359159
frac4,1347,0.0124359159
frac4,1348,0.0123942066
frac4,1349,0.0123717329
frac4,1350,0.0123717329
frac4,1351,0.0123600783
frac4,1352,0.0123575265
frac4,1353,0.0123575265
frac4,1354,0.0123575265
frac4,1355,0.0123259947
frac4,1356,0.0123259947
frac4,1357,0.0123259947
frac4,1358,0.0123135494
frac4,1359,0.0122683253
frac4,1360,0.0122683253
frac4,1361,0.0122683253
frac4,1362,0.0122683253
frac4,1363,0.0122527936
frac4,1364,0.0122527936
frac4,1365,0.0122513324
frac4,1366,0.0122430502
frac4,1367,0.0122277504
frac4,1368,0.0122210644
frac4,1369,0.0121997092
frac4,1370,0.0121997092
frac4,1371,0.0121997092
frac4,1372,0.0121969217
frac4,1373,0.0121829724
frac4,1374,0.0121822013
frac4,1375,0.0121822013
frac4,1376,0.0121760182
frac4,1377,0.0121760182
frac4,1378,0.0121760182
frac4,1379,0.0121760182
frac4,1380,0.0121503146
frac4,1381,0.0121503146
frac4,1382,0.0121503146
frac4,1383,0.0121394265
frac4,1384,0.0121320728
frac4,1385,0.0121298088
frac4,1386,0.0121298088
frac4,1387,0.0121298088
frac4,1388,0.0121298088
frac4,1389,0.0121242497
frac4,1390,0.0121242497
frac4,1391,0.0121242497
frac4,1392,0.0121227819
frac4,1393,0.0121227819
frac4,1394,0.0121206781
frac4,1395,0.0121186115
frac4,1396,0.0121186115
frac4,1397,0.0121186115
frac4,1398,0.0121186115
frac4,1399,0.0121131502
frac4,1400,0.0121131502
frac4,1401,0.0120565090
frac4,1402,0.0120526804
frac4,1403,0.0120452857
frac4,1404,0.0120452857
frac4,1405,0.0120137883
frac4,1406,0.0120061785
frac4,1407,0.0120061785
frac4,1408,0.0120061785
frac4,1409,0.0120061785
frac4,1410,0.0119699948
frac4,1411,0.0119699948
frac4,1412,0.0119699929
frac4,1413,0.0119699929
frac4,1414,0.0119661521
frac4,1415,0.0119661521
frac4,1416,0.0119661521
frac4,1417,0.0119576929
frac4,1418,0.0119194966
frac4,1419,0.0119091822
frac4,1420,0.0119075421
frac4,1421,0.0119075421
frac4,1422,0.0119075421
frac4,1423,0.0119075421
frac4,1424,0.0119057102
frac4,1425,0.0119057102
frac4,1426,0.0119057102
frac4,1427,0.0119057102
frac4,1428,0.0118910326
frac4,1429,0.0118910326
frac4,1430,0.0118894484
frac4,1431,0.0118873939
frac4,1432,0.0118840039
frac4,1433,0.0118840039
frac4,1434,0.0118840039
frac4,1435,0.0118840039
frac4,1436,0.0118812453
frac4,1437,0.0118589401
frac4,1438,0.0118584353
frac4,1439,0.0118584353
frac4,1440,0.0118584353
frac4,1441,0.0118584353
frac4,1442,0.0118468078
frac4,1443,0.0118289776
frac4,1444,0.0118151400
frac4,1445,0.0118151400
frac4,1446,0.0118129579
frac4,1447,0.0118129579
frac4,1448,0.0118129579
frac4,1449,0.0118129579
frac4,1450,0.0118112350
frac4,1451,0.0118054422
frac4,1452,0.0118054422
frac4,1453,0.0118054422
frac4,1454,0.0118054422
frac4,1455,0.0117996316
frac4,1456,0.0117996316
frac4,1457,0.0117976172
frac4,1458,0.0117976172
frac4,1459,0.0117976172
frac4,1460,0.0117909629
frac4,1461,0.0117645701
frac4,1462,0.0117645701
frac4,1463,0.0117383664
frac4,1464,0.0117383311
frac4,1465,0.0117383311
frac4,1466,0.0117302015
frac4,1467,0.0117302015
frac4,1468,0.0117302015
frac4,1469,0.0117302015
frac4,1470,0.0117297694
frac4,1471,0.0117297694
frac4,1472,0.0117234318
frac4,1473,0.0117234318
frac4,1474,0.0117227528
frac4,1475,0.0117227528
frac4,1476,0.0117227528
frac4,1477,0.0117200185
frac4,1478,0.0117200185
frac4,1479,0.0117200185
frac4,1480,0.0117200185
frac4,1481,0.0117187500
frac4,1482,0.0117187500
frac4,1483,0.0117187500
frac4,1484,0.0117187500
frac4,1485,0.0117002027
frac4,1486,0.0117002027
frac4,1487,0.0117002027
frac4,1488,0.0117002027
frac4,1489,0.0116882967
frac4,1490,0.0116882967
frac4,1491,0.0116765508
frac4,1492,0.0116765508
frac4,1493,0.0116765508
frac4,1494,0.0116765508
frac4,1495,0.0116737857
frac4,1496,0.0116737857
frac4,1497,0.0116631845
frac4,1498,0.0116631845
frac4,1499,0.0116289090
frac4,1500,0.0116289090
frac4,1501,0.0116289090
frac4,1502,0.0116289090
frac4,1503,0.0116146794
frac4,1504,0.0116146794
frac4,1505,0.0116146794
frac4,1506,0.0116146794
frac4,1507,0.0116080455
frac4,1508,0.0116080455
frac4,1509,0.0115950881
frac4,1510,0.0115829930
frac4,1511,0.0115815150
frac4,1512,0.0115815150
frac4,1513,0.0115815150
frac4,1514,0.0115815150
frac4,1515,0.0115539916
frac4,1516,0.0115539916
frac4,1517,0.0115366951
frac4,1518,0.0115366951
frac4,1519,0.0115366951
frac4,1520,0.0115366951
frac4,1521,0.0115282852
frac4,1522,0.0115165031
frac4,1523,0.0115136467
frac4,1524,0.0115136467
frac4,1525,0.0115136467
frac4,1526,0.0114746094
frac4,1527,0.0114680324
frac4,1528,0.0114680324
frac4,1529,0.0114680324
frac4,1530,0.0114680324
frac4,1531,0.0114646470
frac4,1532,0.0114516960
frac4,1533,0.0114502106
frac4,1534,0.0114502106
frac4,1535,0.0114502106
frac4,1536,0.0114371255
frac4,1537,0.0114371255
frac4,1538,0.0114371255
frac4,1539,0.0114371255
frac4,1540,0.0114177428
frac4,1541,0.0114177428
frac4,1542,0.0114177428
frac4,1543,0.0114177428
frac4,1544,0.0114166187
frac4,1545,0.0114067402
frac4,1546,0.0114039890
frac4,1547,0.0113896700
frac4,1548,0.0113896700
frac4,1549,0.0113838715
frac4,1550,0.0113838715
frac4,1551,0.0113838715
frac4,1552,0.0113838715
frac4,1553,0.0113530718
frac4,1554,0.0113530718
frac4,1555,0.0113530718
frac4,1556,0.0113530718
frac4,1557,0.0113355722
frac4,1558,0.0113355722
frac4,1559,0.0113293007
frac4,1560,0.0113271056
frac4,1561,0.0113271056
frac4,1562,0.0113271056
frac4,1563,0.0113271056
frac4,1564,0.0113196289
frac4,1565,0.0113196289
frac4,1566,0.0113170743
frac4,1567,0.0113170743
frac4,1568,0.0113011459
frac4,1569,0.0113011459
frac4,1570,0.0113011459
frac4,1571,0.0113011459
frac4,1572,0.0112853525
frac4,1573,0.0112853525
frac4,1574,0.0112853525
frac4,1575,0.0112840030
frac4,1576,0.0112782326
frac4,1577,0.0112730209
frac4,1578,0.0112602767
frac4,1579,0.0112602767
frac4,1580,0.0112387426
frac4,1581,0.0112387426
frac4,1582,0.0112125948
frac4,1583,0.0112097636
frac4,1584,0.0112097636
frac4,1585,0.0112076560
frac4,1586,0.0112076560
frac4,1587,0.0112076541
frac4,1588,0.0112076541
frac4,1589,0.0111810118
frac4,1590,0.0111810118
frac4,1591,0.0111810118
frac4,1592,0.0111671044
frac4,1593,0.0111670904
frac4,1594,0.0111670904
frac4,1595,0.0111639882
frac4,1596,0.0111450506
frac4,1597,0.0111450506
frac4,1598,0.0111450488
frac4,1599,0.0111450488
frac4,1600,0.0111450357
frac4,1601,0.0111345174
frac4,1602,0.0111127123
frac4,1603,0.0111127123
frac4,1604,0.0111127123
frac4,1605,0.0110980896
frac4,1606,0.0110903457
frac4,1607,0.0110903457
frac4,1608,0.0110903447
frac4,1609,0.0110903447
frac4,1610,0.0110882763
frac4,1611,0.0110882763
frac4,1612,0.0110882763
frac4,1613,0.0110882763
frac4,1614,0.0110806031
frac4,1615,0.0110806031
frac4,1616,0.0110806031
frac4,1617,0.0110795386
frac4,1618,0.0110776685
frac4,1619,0.0110750208
frac4,1620,0.0110750208
frac4,1621,0.0110750208
frac4,1622,0.0110750208
frac4,1623,0.0110692447
frac4,1624,0.0110692447
frac4,1625,0.0110692447
frac4,1626,0.0110566616
frac4,1627,0.0110397311
frac4,1628,0.0110360570
frac4,1629,0.0110360570
frac4,1630,0.0110360570
frac4,1631,0.0110360570
frac4,1632,0.0110159498
frac4,1633,0.0110106571
frac4,1634,0.0110106571
frac4,1635,0.0110106571
frac4,1636,0.0110106571
frac4,1637,0.0109920567
frac4,1638,0.0109920567
frac4,1639,0.0109597966
frac4,1640,0.0109597966
frac4,1641,0.0109597966
frac4,1642,0.0109579787
frac4,1643,0.0109579787
frac4,1644,0.0109579787
frac4,1645,0.0109579787
frac4,1646,0.0109556392
frac4,1647,0.0109556392
frac4,1648,0.0109498790
frac4,1649,0.0109498790
frac4,1650,0.0109498790
frac4,1651,0.0109498790
frac4,1652,0.0109461127
frac4,1653,0.0109459013
frac4,1654,0.0109459013
frac4,1655,0.0109459013
frac4,1656,0.0109459013
frac4,1657,0.0109390030
frac4,1658,0.0109341163
frac4,1659,0.0109106600
frac4,1660,0.0109106600
frac4,1661,0.0108919870
frac4,1662,0.0108919870
frac4,1663,0.0108773205
frac4,1664,0.0108773205
frac4,1665,0.0108773205
frac4,1666,0.0108773205
frac4,1667,0.0108607970
frac4,1668,0.0108607970
frac4,1669,0.0108607970
frac4,1670,0.0108607970
frac4,1671,0.0108602112
frac4,1672,0.0108602112
frac4,1673,0.0108588468
frac4,1674,0.0108577134
frac4,1675,0.0108577134
frac4,1676,0.0108577134
frac4,1677,0.0108577134
frac4,1678,0.0108566526
frac4,1679,0.0108566526
frac4,1680,0.0108566526
frac4,1681,0.0108566526
frac4,1682,0.0108555621
frac4,1683,0.0108555621
frac4,1684,0.0108555621
frac4,1685,0.0108450549
frac4,1686,0.0108450549
frac4,1687,0.0108387871
frac4,1688,0.0108387871
frac4,1689,0.0108387871
frac4,1690,0.0108379861
frac4,1691,0.0108379861
frac4,1692,0.0108227888
frac4,1693,0.0108227888
frac4,1694,0.0108227888
frac4,1695,0.0108227888
frac4,1696,0.0108217560
frac4,1697,0.0108217560
frac4,1698,0.0108217560
frac4,1699,0.0108217560
frac4,1700,0.0108164456
frac4,1701,0.0108164456
frac4,1702,0.0108164456
frac4,1703,0.0108164456
frac4,1704,0.0108115003
frac4,1705,0.0108115003
frac4,1706,0.0107717952
frac4,1707,0.0107717952
frac4,1708,0.0107637020
frac4,1709,0.0107637020
frac4,1710,0.0107637020
frac4,1711,0.0107637020
frac4,1712,0.0107636796
frac4,1713,0.0107636796
frac4,1714,0.0107636796
frac4,1715,0.0107636796
frac4,1716,0.0107421875
frac4,1717,0.0107421875
frac4,1718,0.0107421875
frac4,1719,0.0107421875
frac4,1720,0.0107381037
frac4,1721,0.0107282586
frac4,1722,0.0107282586
frac4,1723,0.0107282586
frac4,1724,0.0107282586
frac4,1725,0.0107194688
frac4,1726,0.0107194688
frac4,1727,0.0107194688
frac4,1728,0.0107194688
frac4,1729,0.0107104806
frac4,1730,0.0106948474
frac4,1731,0.0106915450
frac4,1732,0.0106915450
frac4,1733,0.0106915450
frac4,1734,0.0106915450
frac4,1735,0.0106810471
frac4,1736,0.0106810471
frac4,1737,0.0106810471
frac4,1738,0.0106718065
frac4,1739,0.0106718065
frac4,1740,0.0106718065
frac4,1741,0.0106718065
frac4,1742,0.0106713725
frac4,1743,0.0106713725
frac4,1744,0.0106713725
frac4,1745,0.0106713725
frac4,1746,0.0106340637
frac4,1747,0.0106340637
frac4,1748,0.0106340637
frac4,1749,0.0106340637
frac4,1750,0.0106194261
frac4,1751,0.0106025031
frac4,1752,0.0105979815
frac4,1753,0.0105979815
frac4,1754,0.0105868196
frac4,1755,0.0105868196
frac4,1756,0.0105868196
frac4,1757,0.0105809169
frac4,1758,0.0105809169
frac4,1759,0.0105809169
frac4,1760,0.0105786072
frac4,1761,0.0105725816
frac4,1762,0.0105725816
frac4,1763,0.0105725816
frac4,1764,0.0105680954
frac4,1765,0.0105666406
frac4,1766,0.0105539178
frac4,1767,0.0105539178
frac4,1768,0.0105539178
frac4,1769,0.0105539178
frac4,1770,0.0105517199
frac4,1771,0.0105510717
frac4,1772,0.0105510717
frac4,1773,0.0105485329
frac4,1774,0.0105485329
frac4,1775,0.0105457390
frac4,1776,0.0105457390
frac4,1777,0.0105457390
frac4,1778,0.0105457390
frac4,1779,0.0105408998
frac4,1780,0.0105408998
frac4,1781,0.0105395066
frac4,1782,0.0105360523
frac4,1783,0.0105360523
frac4,1784,0.0105337957
frac4,1785,0.0105310921
frac4,1786,0.0105310921
frac4,1787,0.0105190128
frac4,1788,0.0105190128
frac4,1789,0.0105101466
frac4,1790,0.0105101466
frac4,1791,0.0105101466
frac4,1792,0.0105063953
frac4,1793,0.0105063953
frac4,1794,0.0105039375
frac4,1795,0.0105039375
frac4,1796,0.0105039375
frac4,1797,0.0104990723
frac4,1798,0.0104980469
frac4,1799,0.0104980469
frac4,1800,0.0104980469
frac4,1801,0.0104980469
frac4,1802,0.0104980469
frac4,1803,0.0104980469
frac4,1804,0.0104925605
frac4,1805,0.0104855532
frac4,1806,0.0104855532
frac4,1807,0.0104855532
frac4,1808,0.0104458369
frac4,1809,0.0104458369
frac4,1810,0.0104458369
frac4,1811,0.0104340874
frac4,1812,0.0104340874
frac4,1813,0.0104340874
frac4,1814,0.0104326457
frac4,1815,0.0104319779
frac4,1816,0.0104279742
frac4,1817,0.0104279742
frac4,1818,0.0104279742
frac4,1819,0.0104279742
frac4,1820,0.0104150632
frac4,1821,0.0104150632
frac4,1822,0.0104150632
frac4,1823,0.0104118539
frac4,1824,0.0104118539
frac4,1825,0.0104118539
frac4,1826,0.0104100350
frac4,1827,0.0104081901
frac4,1828,0.0104075000
frac4,1829,0.0104069104
frac4,1830,0.0104014874
frac4,1831,0.0104014874
frac4,1832,0.0104014874
frac4,1833,0.0103928763
frac4,1834,0.0103928763
frac4,1835,0.0103928763
frac4,1836,0.0103928763
frac4,1837,0.0103894956
frac4,1838,0.0103886770
frac4,1839,0.0103886770
frac4,1840,0.0103886770
frac4,1841,0.0103886770
frac4,1842,0.0103863031
frac4,1843,0.0103863031
frac4,1844,0.0103863031
frac4,1845,0.0103863031
frac4,1846,0.0103849415
frac4,1847,0.0103809508
frac4,1848,0.0103809508
frac4,1849,0.0103809508
frac4,1850,0.0103809508
frac4,1851,0.0103678461
frac4,1852,0.0103678461
frac4,1853,0.0103678461
frac4,1854,0.0103678461
frac4,1855,0.0103602232
frac4,1856,0.0103510525
frac4,1857,0.0103510525
frac4,1858,0.0103510525
frac4,1859,0.0103509054
frac4,1860,0.0103509054
frac4,1861,0.0103509054
frac4,1862,0.0103319166
frac4,1863,0.0103319166
frac4,1864,0.0103252251
frac4,1865,0.0103247166
frac4,1866,0.0103247166
frac4,1867,0.0103247166
frac4,1868,0.0103247166
frac4,1869,0.0103238067
frac4,1870,0.0103238067
frac4,1871,0.0103238067
frac4,1872,0.0103238067
frac4,1873,0.0103161894
frac4,1874,0.0103161894
frac4,1875,0.0103161894
frac4,1876,0.0103161894
frac4,1877,0.0103125190
frac4,1878,0.0103125190
frac4,1879,0.0102917561
frac4,1880,0.0102917561
frac4,1881,0.0102917561
frac4,1882,0.0102917561
frac4,1883,0.0102865482
frac4,1884,0.0102865482
frac4,1885,0.0102812639
frac4,1886,0.0102776289
frac4,1887,0.0102776289
frac4,1888,0.0102700815
frac4,1889,0.0102571733
frac4,1890,0.0102571733
frac4,1891,0.0102539062
frac4,1892,0.0102539062
frac4,1893,0.0102500329
frac4,1894,0.0102500329
frac4,1895,0.0102396961
frac4,1896,0.0102396961
frac4,1897,0.0102396961
frac4,1898,0.0102396961
frac4,1899,0.0102383960
frac4,1900,0.0102383960
frac4,1901,0.0102326013
frac4,1902,0.0102326013
frac4,1903,0.0102314465
frac4,1904,0.0102303652
frac4,1905,0.0102291787
frac4,1906,0.0102291787
frac4,1907,0.0102291787
frac4,1908,0.0102274129
frac4,1909,0.0102094598
frac4,1910,0.0102077043
frac4,1911,0.0102071315
frac4,1912,0.0102071315
frac4,1913,0.0102071315
frac4,1914,0.0101971757
frac4,1915,0.0101953801
frac4,1916,0.0101953801
frac4,1917,0.0101953801
frac4,1918,0.0101953801
frac4,1919,0.0101903416
frac4,1920,0.0101887090
frac4,1921,0.0101887090
frac4,1922,0.0101742493
frac4,1923,0.0101742493
frac4,1924,0.0101646679
frac4,1925,0.0101646502
frac4,1926,0.0101620499
frac4,1927,0.0101620499
frac4,1928,0.0101620499
frac4,1929,0.0101581831
frac4,1930,0.0101581831
frac4,1931,0.0101581831
frac4,1932,0.0101581831
frac4,1933,0.0101574715
frac4,1934,0.0101562804
frac4,1935,0.0101562804
frac4,1936,0.0101562804
frac4,1937,0.0101562804
frac4,1938,0.0101548070
frac4,1939,0.0101548070
frac4,1940,0.0101548070
frac4,1941,0.0101548070
frac4,1942,0.0101468097
frac4,1943,0.0101468097
frac4,1944,0.0101448121
frac4,1945,0.0101301540
frac4,1946,0.0101146204
frac4,1947,0.0101146204
frac4,1948,0.0101146204
frac4,1949,0.0101146204
frac4,1950,0.0101120584
frac4,1951,0.0101098148
frac4,1952,0.0101098148
frac4,1953,0.0101098148
frac4,1954,0.0101098148
frac4,1955,0.0100977737
frac4,1956,0.0100943400
frac4,1957,0.0100914752
frac4,1958,0.0100914743
frac4,1959,0.0100914743
frac4,1960,0.0100855306
frac4,1961,0.0100850584
frac4,1962,0.0100773163
frac4,1963,0.0100763012
frac4,1964,0.0100763012
frac4,1965,0.0100763012
frac4,1966,0.0100763012
frac4,1967,0.0100745400
frac4,1968,0.0100658340
frac4,1969,0.0100658340
frac4,1970,0.0100658340
frac4,1971,0.0100620380
frac4,1972,0.0100620380
frac4,1973,0.0100620380
frac4,1974,0.0100620380
frac4,1975,0.0100494977
frac4,1976,0.0100494977
frac4,1977,0.0100494977
frac4,1978,0.0100321081
frac4,1979,0.0100321081
frac4,1980,0.0100296643
frac4,1981,0.0100296643
frac4,1982,0.0100296643
frac4,1983,0.0100296643
frac4,1984,0.0100097656
frac4,1985,0.0100097656
frac4,1986,0.0100097656
frac4,1987,0.0100097656
frac4,1988,0.0100097656
frac4,1989,0.0100097656
frac4,1990,0.0100097656
frac4,1991,0.0100097656
frac4,1992,0.0100069260
frac4,1993,0.0100069260
frac4,1994,0.0099949371
frac4,1995,0.0099949371
frac4,1996,0.0099949371
frac4,1997,0.0099949371
frac4,1998,0.0099877696
frac4,1999,0.0099877696
frac4,2000,0.0099877696
frac4,2001,0.0099877696
frac4,2002,0.0099841477
frac4,2003,0.0099841477
frac4,2004,0.0099832015
frac4,2005,0.0099832015
frac4,2006,0.0099534271
frac4,2007,0.0099528730
frac4,2008,0.0099525033
frac4,2009,0.0099514769
frac4,2010,0.0099481698
frac4,2011,0.0099442219
frac4,2012,0.0099442219
frac4,2013,0.0099442219
frac4,2014,0.0099295871
frac4,2015,0.0099269189
frac4,2016,0.0099192709
frac4,2017,0.0099192709
frac4,2018,0.0099192709
frac4,2019,0.0099192709
frac4,2020,0.0099115856
frac4,2021,0.0099090599
frac4,2022,0.0099090599
frac4,2023,0.0099021848
frac4,2024,0.0099021848
frac4,2025,0.0099021848
frac4,2026,0.0099021848
frac4,2027,0.0098976186
frac4,2028,0.0098976148
frac4,2029,0.0098976148
frac4,2030,0.0098976148
frac4,2031,0.0098976148
frac4,2032,0.0098968521
frac4,2033,0.0098940982
frac4,2034,0.0098885847
frac4,2035,0.0098885847
frac4,2036,0.0098885847
frac4,2037,0.0098885847
frac4,2038,0.0098825311
frac4,2039,0.0098825311
frac4,2040,0.0098825302
frac4,2041,0.0098825302
frac4,2042,0.0098807896
frac4,2043,0.0098793330
frac4,2044,0.0098793330
frac4,2045,0.0098755145
frac4,2046,0.0098755145
frac4,2047,0.0098755145
frac4,2048,0.0098727355
frac4,2049,0.0098727355
frac4,2050,0.0098617561
frac4,2051,0.0098617561
frac4,2052,0.0098617561
frac4,2053,0.0098617561
frac4,2054,0.0098547908
frac4,2055,0.0098547908
frac4,2056,0.0098547908
frac4,2057,0.0098547908
frac4,2058,0.0098521113
frac4,2059,0.0098506864
frac4,2060,0.0098506864
frac4,2061,0.0098425038
frac4,2062,0.0098425038
frac4,2063,0.0098389229
frac4,2064,0.0098383510
frac4,2065,0.0098383510
frac4,2066,0.0098383510
frac4,2067,0.0098382169
frac4,2068,0.0098365247
frac4,2069,0.0098365247
frac4,2070,0.0098303370
frac4,2071,0.0098303370
frac4,2072,0.0098297941
frac4,2073,0.0098297941
frac4,2074,0.0098297941
frac4,2075,0.0098297941
frac4,2076,0.0098216794
frac4,2077,0.0098178582
frac4,2078,0.0098166047
frac4,2079,0.0098166047
frac4,2080,0.0098166047
frac4,2081,0.0098084565
frac4,2082,0.0098084565
frac4,2083,0.0098084565
frac4,2084,0.0098084565
frac4,2085,0.0098060686
frac4,2086,0.0098039005
frac4,2087,0.0098039005
frac4,2088,0.0098039005
frac4,2089,0.0097944811
frac4,2090,0.0097944811
frac4,2091,0.0097932173
frac4,2092,0.0097932173
frac4,2093,0.0097878408
frac4,2094,0.0097862938
frac4,2095,0.0097747687
frac4,2096,0.0097711030
frac4,2097,0.0097659528
frac4,2098,0.0097659528
frac4,2099,0.0097659528
frac4,2100,0.0097656250
frac4,2101,0.0097656250
frac4,2102,0.0097529804
frac4,2103,0.0097488482
frac4,2104,0.0097488482
frac4,2105,0.0097479476
frac4,2106,0.0097479476
frac4,2107,0.0097479476
frac4,2108,0.0097412253
frac4,2109,0.0097365910
frac4,2110,0.0097196540
frac4,2111,0.0097196540
frac4,2112,0.0097184330
frac4,2113,0.0097121280
frac4,2114,0.0097091291
frac4,2115,0.0097091291
frac4,2116,0.0097091291
frac4,2117,0.0097091291
frac4,2118,0.0097086942
frac4,2119,0.0097065577
frac4,2120,0.0097065577
frac4,2121,0.0097065577
frac4,2122,0.0097015360
frac4,2123,0.0096959313
frac4,2124,0.0096959313
frac4,2125,0.0096959313
frac4,2126,0.0096959313
frac4,2127,0.0096926969
frac4,2128,0.0096926969
frac4,2129,0.0096888123
frac4,2130,0.0096888123
frac4,2131,0.0096888123
frac4,2132,0.0096888123
frac4,2133,0.0096827419
frac4,2134,0.0096827419
frac4,2135,0.0096827419
frac4,2136,0.0096721668
frac4,2137,0.0096721668
frac4,2138,0.0096690645
frac4,2139,0.0096690645
frac4,2140,0.0096650273
frac4,2141,0.0096605215
frac4,2142,0.0096513378
frac4,2143,0.0096510202
frac4,2144,0.0096496353
frac4,2145,0.0096399020
frac4,2146,0.0096399020
frac4,2147,0.0096399020
frac4,2148,0.0096399020
frac4,2149,0.0096271224
frac4,2150,0.0096271224
frac4,2151,0.0096271224
frac4,2152,0.0096271224
frac4,2153,0.0096226791
frac4,2154,0.0096226791
frac4,2155,0.0096196346
frac4,2156,0.0096196346
frac4,2157,0.0096196346
frac4,2158,0.0096196346
frac4,2159,0.0096167680
frac4,2160,0.0096167680
frac4,2161,0.0096167680
frac4,2162,0.0096151941
frac4,2163,0.0096105179
frac4,2164,0.0096051702
frac4,2165,0.0096051702
frac4,2166,0.0096051702
frac4,2167,0.0096051702
frac4,2168,0.0095994296
frac4,2169,0.0095756100
frac4,2170,0.0095756100
frac4,2171,0.0095756073
frac4,2172,0.0095756073
frac4,2173,0.0095671238
frac4,2174,0.0095669981
frac4,2175,0.0095648235
frac4,2176,0.0095648235
frac4,2177,0.0095593352
frac4,2178,0.0095593352
frac4,2179,0.0095593352
frac4,2180,0.0095593352
frac4,2181,0.0095532304
frac4,2182,0.0095532304
frac4,2183,0.0095468024
frac4,2184,0.0095468024
frac4,2185,0.0095393388
frac4,2186,0.0095393388
frac4,2187,0.0095393378
frac4,2188,0.0095393378
frac4,2189,0.0095369769
frac4,2190,0.0095369769
frac4,2191,0.0095369769
frac4,2192,0.0095369769
frac4,2193,0.0095326463
frac4,2194,0.0095326463
frac4,2195,0.0095309475
frac4,2196,0.0095309475
frac4,2197,0.0095309475
frac4,2198,0.0095309475
frac4,2199,0.0095234858
frac4,2200,0.0095234858
frac4,2201,0.0095234858
frac4,2202,0.0095234858
frac4,2203,0.0095214844
frac4,2204,0.0095214844
frac4,2205,0.0095214844
frac4,2206,0.0095214844
frac4,2207,0.0095197968
frac4,2208,0.0095197968
frac4,2209,0.0095129916
frac4,2210,0.0095051052
frac4,2211,0.0094991000
frac4,2212,0.0094991000
frac4,2213,0.0094991000
frac4,2214,0.0094991000
frac4,2215,0.0094948960
frac4,2216,0.0094948960
frac4,2217,0.0094948960
frac4,2218,0.0094948960
frac4,2219,0.0094942274
frac4,2220,0.0094942274
frac4,2221,0.0094942274
frac4,2222,0.0094930651
frac4,2223,0.0094930632
frac4,2224,0.0094930632
frac4,2225,0.0094929682
frac4,2226,0.0094929682
frac4,2227,0.0094901137
frac4,2228,0.0094901137
frac4,2229,0.0094822105
frac4,2230,0.0094808284
frac4,2231,0.0094742030
frac4,2232,0.0094721774
frac4,2233,0.0094721727
frac4,2234,0.0094721727
frac4,2235,0.0094700968
frac4,2236,0.0094632618
frac4,2237,0.0094632618
frac4,2238,0.0094592506
frac4,2239,0.0094592506
frac4,2240,0.0094516994
frac4,2241,0.0094516994
frac4,2242,0.0094516994
frac4,2243,0.0094516994
frac4,2244,0.0094498033
frac4,2245,0.0094443122
frac4,2246,0.0094340537
frac4,2247,0.0094340537
frac4,2248,0.0094283186
frac4,2249,0.0094283186
frac4,2250,0.0094283186
frac4,2251,0.0094283186
frac4,2252,0.0094212322
frac4,2253,0.0094212322
frac4,2254,0.0094212312
frac4,2255,0.0094212312
frac4,2256,0.0094194170
frac4,2257,0.0094194170
frac4,2258,0.0094194170
frac4,2259,0.0094171017
frac4,2260,0.0094158491
frac4,2261,0.0094139045
frac4,2262,0.0094130654
frac4,2263,0.0094130654
frac4,2264,0.0094108339
frac4,2265,0.0094000315
frac4,2266,0.0094000315
frac4,2267,0.0094000315
frac4,2268,0.0094000315
frac4,2269,0.0093954951
frac4,2270,0.0093892673
frac4,2271,0.0093845585
frac4,2272,0.0093845585
frac4,2273,0.0093845585
frac4,2274,0.0093845585
frac4,2275,0.0093829408
frac4,2276,0.0093825292
frac4,2277,0.0093825292
frac4,2278,0.0093825292
frac4,2279,0.0093821129
frac4,2280,0.0093821129
frac4,2281,0.0093798023
frac4,2282,0.0093798023
frac4,2283,0.0093795732
frac4,2284,0.0093771452
frac4,2285,0.0093744285
frac4,2286,0.0093744285
frac4,2287,0.0093744285
frac4,2288,0.0093677836
frac4,2289,0.0093677836
frac4,2290,0.0093677836
frac4,2291,0.0093662310
frac4,2292,0.0093662310
frac4,2293,0.0093662310
frac4,2294,0.0093608005
frac4,2295,0.0093608005
frac4,2296,0.0093608005
frac4,2297,0.0093608005
frac4,2298,0.0093545290
frac4,2299,0.0093545290
frac4,2300,0.0093545290
frac4,2301,0.0093545290
frac4,2302,0.0093542999
frac4,2303,0.0093534691
frac4,2304,0.0093534691
frac4,2305,0.0093534691
frac4,2306,0.0093480339
frac4,2307,0.0093480339
frac4,2308,0.0093480339
frac4,2309,0.0093460875
frac4,2310,0.0093428539
frac4,2311,0.0093374774
frac4,2312,0.0093374774
frac4,2313,0.0093374765
frac4,2314,0.0093374765
frac4,2315,0.0093199397
frac4,2316,0.0093199397
frac4,2317,0.0093199397
frac4,2318,0.0093199397
frac4,2319,0.0093187513
frac4,2320,0.0093187513
frac4,2321,0.0093187494
frac4,2322,0.0093187494
frac4,2323,0.0093161408
frac4,2324,0.0093161408
frac4,2325,0.0093161408
frac4,2326,0.0092939306
frac4,2327,0.0092939306
frac4,2328,0.0092919357
frac4,2329,0.0092919357
frac4,2330,0.0092919357
frac4,2331,0.0092919357
frac4,2332,0.0092863906
frac4,2333,0.0092773438
frac4,2334,0.0092755416
frac4,2335,0.0092755416
frac4,2336,0.0092755416
frac4,2337,0.0092755416
frac4,2338,0.0092498548
frac4,2339,0.0092498548
frac4,2340,0.0092379702
frac4,2341,0.0092360489
frac4,2342,0.0092360070
frac4,2343,0.0092360070
frac4,2344,0.0092339423
frac4,2345,0.0092339423
frac4,2346,0.0092224404
frac4,2347,0.0092195086
frac4,2348,0.0092195086
frac4,2349,0.0092114042
frac4,2350,0.0092071583
frac4,2351,0.0092071583
frac4,2352,0.0092040487
frac4,2353,0.0092040487
frac4,2354,0.0091829039
frac4,2355,0.0091829039
frac4,2356,0.0091805765
frac4,2357,0.0091805765
frac4,2358,0.0091769164
frac4,2359,0.0091769164
frac4,2360,0.0091737183
frac4,2361,0.0091722412
frac4,2362,0.0091703851
frac4,2363,0.0091703851
frac4,2364,0.0091685420
frac4,2365,0.0091586187
frac4,2366,0.0091586187
frac4,2367,0.0091555836
frac4,2368,0.0091555836
frac4,2369,0.0091555836
frac4,2370,0.0091555836
frac4,2371,0.0091470471
frac4,2372,0.0091470471
frac4,2373,0.0091470471
frac4,2374,0.0091470471
frac4,2375,0.0091333939
frac4,2376,0.0091294367
frac4,2377,0.0091294367
frac4,2378,0.0091294367
frac4,2379,0.0091183288
frac4,2380,0.0091183288
frac4,2381,0.0091164969
frac4,2382,0.0091070728
frac4,2383,0.0091070728
frac4,2384,0.0090947421
frac4,2385,0.0090942392
frac4,2386,0.0090942392
frac4,2387,0.0090942392
frac4,2388,0.0090935091
frac4,2389,0.0090935091
frac4,2390,0.0090877786
frac4,2391,0.0090877786
frac4,2392,0.0090877786
frac4,2393,0.0090810899
frac4,2394,0.0090810899
frac4,2395,0.0090810899
frac4,2396,0.0090810899
frac4,2397,0.0090804873
frac4,2398,0.0090632848
frac4,2399,0.0090632848
frac4,2400,0.0090632848
frac4,2401,0.0090555446
frac4,2402,0.0090555446
frac4,2403,0.0090555446
frac4,2404,0.0090555446
frac4,2405,0.0090522664
frac4,2406,0.0090522664
frac4,2407,0.0090425368
frac4,2408,0.0090332031
frac4,2409,0.0090332031
frac4,2410,0.0090332031
frac4,2411,0.0090332031
frac4,2412,0.0090294136
frac4,2413,0.0090241898
frac4,2414,0.0090241898
frac4,2415,0.0090241898
frac4,2416,0.0090241898
frac4,2417,0.0090098698
frac4,2418,0.0090098698
frac4,2419,0.0090098688
frac4,2420,0.0090041338
frac4,2421,0.0090038646
frac4,2422,0.0090038646
frac4,2423,0.0090031549
frac4,2424,0.0090031549
frac4,2425,0.0090031549
frac4,2426,0.0090031549
frac4,2427,0.0090019014
frac4,2428,0.0090015316
frac4,2429,0.0090015316
frac4,2430,0.0090015298
frac4,2431,0.0090015298
frac4,2432,0.0089981444
frac4,2433,0.0089981444
frac4,2434,0.0089919856
frac4,2435,0.0089919856
frac4,2436,0.0089919856
frac4,2437,0.0089901499
frac4,2438,0.0089878552
frac4,2439,0.0089878552
frac4,2440,0.0089877890
frac4,2441,0.0089877890
frac4,2442,0.0089877890
frac4,2443,0.0089877890
frac4,2444,0.0089820167
frac4,2445,0.0089653209
frac4,2446,0.0089653209
frac4,2447,0.0089653209
frac4,2448,0.0089636846
frac4,2449,0.0089626638
frac4,2450,0.0089626638
frac4,2451,0.0089626638
frac4,2452,0.0089328308
frac4,2453,0.0089226179
frac4,2454,0.0089226179
frac4,2455,0.0089226179
frac4,2456,0.0089135738
frac4,2457,0.0089135738
frac4,2458,0.0089135738
frac4,2459,0.0089135738
frac4,2460,0.0089113452
frac4,2461,0.0089113452
frac4,2462,0.0089113452
frac4,2463,0.0089095421
frac4,2464,0.0089080296
frac4,2465,0.0089051044
frac4,2466,0.0089051044
frac4,2467,0.0089051044
frac4,2468,0.0089051044
frac4,2469,0.0089029055
frac4,2470,0.0089029055
frac4,2471,0.0089029055
frac4,2472,0.0089029055
frac4,2473,0.0089022927
frac4,2474,0.0088904276
frac4,2475,0.0088904276
frac4,2476,0.0088894786
frac4,2477,0.0088894786
frac4,2478,0.0088894786
frac4,2479,0.0088816425
frac4,2480,0.0088816425
frac4,2481,0.0088734552
frac4,2482,0.0088734552
frac4,2483,0.0088734552
frac4,2484,0.0088734552
frac4,2485,0.0088625569
frac4,2486,0.0088625569
frac4,2487,0.0088625569
frac4,2488,0.0088625569
frac4,2489,0.0088580381
frac4,2490,0.0088580381
frac4,2491,0.0088580381
frac4,2492,0.0088580381
frac4,2493,0.0088543324
frac4,2494,0.0088543324
frac4,2495,0.0088543324
frac4,2496,0.0088539589
frac4,2497,0.0088528823
frac4,2498,0.0088514537
frac4,2499,0.0088514537
frac4,2500,0.0088444930
frac4,2501,0.0088336729
frac4,2502,0.0088336729
frac4,2503,0.0088336729
frac4,2504,0.0088336729
frac4,2505,0.0088284910
frac4,2506,0.0088284910
frac4,2507,0.0088253459
frac4,2508,0.0088237477
frac4,2509,0.0088237477
frac4,2510,0.0088237477
frac4,2511,0.0088235913
frac4,2512,0.0088235913
frac4,2513,0.0088235913
frac4,2514,0.0088235913
frac4,2515,0.0088182241
frac4,2516,0.0088182241
frac4,2517,0.0088182241
frac4,2518,0.0088157151
frac4,2519,0.0088132173
frac4,2520,0.0088132173
frac4,2521,0.0088132173
frac4,2522,0.0088132173
frac4,2523,0.0088110035
frac4,2524,0.0088110035
frac4,2525,0.0088100377
frac4,2526,0.0088085076
frac4,2527,0.0088073956
frac4,2528,0.0088073956
frac4,2529,0.0088017192
frac4,2530,0.0088005802
frac4,2531,0.0088005802
frac4,2532,0.0088005802
frac4,2533,0.0088005802
frac4,2534,0.0088003399
frac4,2535,0.0087982267
frac4,2536,0.0087952847
frac4,2537,0.0087952847
frac4,2538,0.0087952847
frac4,2539,0.0087952847
frac4,2540,0.0087950649
frac4,2541,0.0087950649
frac4,2542,0.0087950649
frac4,2543,0.0087904464
frac4,2544,0.0087890644
frac4,2545,0.0087890644
frac4,2546,0.0087890644
frac4,2547,0.0087890644
frac4,2548,0.0087890625
frac4,2549,0.0087890625
frac4,2550,0.0087890625
frac4,2551,0.0087890625
frac4,2552,0.0087890625
frac4,2553,0.0087890625
frac4,2554,0.0087890625
frac4,2555,0.0087890625
frac4,2556,0.0087890625
frac4,2557,0.0087890625
frac4,2558,0.0087890625
frac4,2559,0.0087890625
frac4,2560,0.0087854695
frac4,2561,0.0087854695
frac4,2562,0.0087854695
frac4,2563,0.0087854695
frac4,2564,0.0087830620
frac4,2565,0.0087830620
frac4,2566,0.0087703532
frac4,2567,0.0087703532
frac4,2568,0.0087696323
frac4,2569,0.0087696323
frac4,2570,0.0087694582
frac4,2571,0.0087677706
frac4,2572,0.0087677706
frac4,2573,0.0087674232
frac4,2574,0.0087639298
frac4,2575,0.0087639298
frac4,2576,0.0087585188
frac4,2577,0.0087585188
frac4,2578,0.0087582422
frac4,2579,0.0087582422
frac4,2580,0.0087578110
frac4,2581,0.0087578110
frac4,2582,0.0087578110
frac4,2583,0.0087578110
frac4,2584,0.0087571768
frac4,2585,0.0087559503
frac4,2586,0.0087559503
frac4,2587,0.0087559503
frac4,2588,0.0087547489
frac4,2589,0.0087524243
frac4,2590,0.0087524243
frac4,2591,0.0087524243
frac4,2592,0.0087524243
frac4,2593,0.0087492224
frac4,2594,0.0087492224
frac4,2595,0.0087492224
frac4,2596,0.0087464973
frac4,2597,0.0087447148
frac4,2598,0.0087385653
frac4,2599,0.0087385653
frac4,2600,0.0087385653
frac4,2601,0.0087385653
frac4,2602,0.0087165162
frac4,2603,0.0087050330
frac4,2604,0.0086977426
frac4,2605,0.0086977426
frac4,2606,0.0086977426
frac4,2607,0.0086977426
frac4,2608,0.0086968457
frac4,2609,0.0086968457
frac4,2610,0.0086968457
frac4,2611,0.0086945919
frac4,2612,0.0086934874
frac4,2613,0.0086934874
frac4,2614,0.0086910836
frac4,2615,0.0086910836
frac4,2616,0.0086864131
frac4,2617,0.0086813876
frac4,2618,0.0086813876
frac4,2619,0.0086813876
frac4,2620,0.0086813876
frac4,2621,0.0086747380
frac4,2622,0.0086747380
frac4,2623,0.0086696427
frac4,2624,0.0086696427
frac4,2625,0.0086696427
frac4,2626,0.0086696427
frac4,2627,0.0086670462
frac4,2628,0.0086670462
frac4,2629,0.0086670462
frac4,2630,0.0086668432
frac4,2631,0.0086668432
frac4,2632,0.0086655356
frac4,2633,0.0086655356
frac4,2634,0.0086655356
frac4,2635,0.0086655356
frac4,2636,0.0086649312
frac4,2637,0.0086649312
frac4,2638,0.0086649312
frac4,2639,0.0086649312
frac4,2640,0.0086624911
frac4,2641,0.0086619854
frac4,2642,0.0086560249
frac4,2643,0.0086495085
frac4,2644,0.0086495085
frac4,2645,0.0086445156
frac4,2646,0.0086445156
frac4,2647,0.0086445156
frac4,2648,0.0086445156
frac4,2649,0.0086413911
frac4,2650,0.0086413911
frac4,2651,0.0086413911
frac4,2652,0.0086404653
frac4,2653,0.0086396774
frac4,2654,0.0086396774
frac4,2655,0.0086396774
frac4,2656,0.0086396774
frac4,2657,0.0086354427
frac4,2658,0.0086353188
frac4,2659,0.0086240433
frac4,2660,0.0086240433
frac4,2661,0.0086240405
frac4,2662,0.0086208889
frac4,2663,0.0086208889
frac4,2664,0.0086208871
frac4,2665,0.0086208871
frac4,2666,0.0086092986
frac4,2667,0.0086092986
frac4,2668,0.0086092986
frac4,2669,0.0086092986
frac4,2670,0.0086059626
frac4,2671,0.0086059626
frac4,2672,0.0086059626
frac4,2673,0.0086059626
frac4,2674,0.0086007416
frac4,2675,0.0086007416
frac4,2676,0.0086007416
frac4,2677,0.0086007416
frac4,2678,0.0085984403
frac4,2679,0.0085984403
frac4,2680,0.0085984403
frac4,2681,0.0085918773
frac4,2682,0.0085918773
frac4,2683,0.0085918773
frac4,2684,0.0085906526
frac4,2685,0.0085906526
frac4,2686,0.0085906526
frac4,2687,0.0085906526
frac4,2688,0.0085889203
frac4,2689,0.0085889203
frac4,2690,0.0085889203
frac4,2691,0.0085889203
frac4,2692,0.0085840542
frac4,2693,0.0085840542
frac4,2694,0.0085840542
frac4,2695,0.0085766949
frac4,2696,0.0085766949
frac4,2697,0.0085766949
frac4,2698,0.0085766949
frac4,2699,0.0085714217
frac4,2700,0.0085714208
frac4,2701,0.0085714208
frac4,2702,0.0085607693
frac4,2703,0.0085607693
frac4,2704,0.0085607693
frac4,2705,0.0085607693
frac4,2706,0.0085526519
frac4,2707,0.0085526519
frac4,2708,0.0085526519
frac4,2709,0.0085526519
frac4,2710,0.0085449219
frac4,2711,0.0085449219
frac4,2712,0.0085449219
frac4,2713,0.0085449219
frac4,2714,0.0085449219
frac4,2715,0.0085449219
frac4,2716,0.0085449219
frac4,2717,0.0085449219
frac4,2718,0.0085449219
frac4,2719,0.0085449219
frac4,2720,0.0085449219
frac4,2721,0.0085449219
frac4,2722,0.0085449219
frac4,2723,0.0085449219
frac4,2724,0.0085449219
frac4,2725,0.0085449219
frac4,2726,0.0085384985
frac4,2727,0.0085380431
frac4,2728,0.0085380431
frac4,2729,0.0085348766
frac4,2730,0.0085348766
frac4,2731,0.0085348766
frac4,2732,0.0085348766
frac4,2733,0.0085248677
frac4,2734,0.0085140727
frac4,2735,0.0085140727
frac4,2736,0.0085140727
frac4,2737,0.0085140727
frac4,2738,0.0085137887
frac4,2739,0.0085137887
frac4,2740,0.0085137878
frac4,2741,0.0085137878
frac4,2742,0.0085068857
frac4,2743,0.0084971488
frac4,2744,0.0084971488
frac4,2745,0.0084971488
frac4,2746,0.0084971488
frac4,2747,0.0084929988
frac4,2748,0.0084929988
frac4,2749,0.0084923357
frac4,2750,0.0084923357
frac4,2751,0.0084923347
frac4,2752,0.0084923347
frac4,2753,0.0084914882
frac4,2754,0.0084914882
frac4,2755,0.0084914882
frac4,2756,0.0084914882
frac4,2757,0.0084878216
frac4,2758,0.0084878216
frac4,2759,0.0084878216
frac4,2760,0.0084844977
frac4,2761,0.0084844977
frac4,2762,0.0084815742
frac4,2763,0.0084815742
frac4,2764,0.0084815742
frac4,2765,0.0084756622
frac4,2766,0.0084756622
frac4,2767,0.0084756622
frac4,2768,0.0084756622
frac4,2769,0.0084729949
frac4,2770,0.0084729949
frac4,2771,0.0084729949
frac4,2772,0.0084729949
frac4,2773,0.0084658265
frac4,2774,0.0084658265
frac4,2775,0.0084658265
frac4,2776,0.0084638903
frac4,2777,0.0084638903
frac4,2778,0.0084631043
frac4,2779,0.0084631043
frac4,2780,0.0084631043
frac4,2781,0.0084631043
frac4,2782,0.0084597347
frac4,2783,0.0084597347
frac4,2784,0.0084597347
frac4,2785,0.0084597347
frac4,2786,0.0084589943
frac4,2787,0.0084589943
frac4,2788,0.0084589943
frac4,2789,0.0084589943
frac4,2790,0.0084545435
frac4,2791,0.0084534446
frac4,2792,0.0084534446
frac4,2793,0.0084534446
frac4,2794,0.0084534446
frac4,2795,0.0084524546
frac4,2796,0.0084479041
frac4,2797,0.0084479041
frac4,2798,0.0084461980
frac4,2799,0.0084461980
frac4,2800,0.0084461980
frac4,2801,0.0084446166
frac4,2802,0.0084446166
frac4,2803,0.0084446166
frac4,2804,0.0084446166
frac4,2805,0.0084243296
frac4,2806,0.0084215393
frac4,2807,0.0084215393
frac4,2808,0.0084215393
frac4,2809,0.0084215393
frac4,2810,0.0084146904
frac4,2811,0.0084146904
frac4,2812,0.0084145218
frac4,2813,0.0084129237
frac4,2814,0.0084129237
frac4,2815,0.0084129237
frac4,2816,0.0084091751
frac4,2817,0.0084091751
frac4,2818,0.0084091751
frac4,2819,0.0084091322
frac4,2820,0.0084040919
frac4,2821,0.0083981352
frac4,2822,0.0083981352
frac4,2823,0.0083908336
frac4,2824,0.0083895605
frac4,2825,0.0083847977
frac4,2826,0.0083847977
frac4,2827,0.0083694253
frac4,2828,0.0083694253
frac4,2829,0.0083634052
frac4,2830,0.0083634052
frac4,2831,0.0083565339
frac4,2832,0.0083565339
frac4,2833,0.0083565339
frac4,2834,0.0083565339
frac4,2835,0.0083520217
frac4,2836,0.0083520217
frac4,2837,0.0083520217
frac4,2838,0.0083520217
frac4,2839,0.0083473269
frac4,2840,0.0083468258
frac4,2841,0.0083412286
frac4,2842,0.0083412286
frac4,2843,0.0083412286
frac4,2844,0.0083412286
frac4,2845,0.0083402228
frac4,2846,0.0083402228
frac4,2847,0.0083402228
frac4,2848,0.0083402228
frac4,2849,0.0083399387
frac4,2850,0.0083373757
frac4,2851,0.0083373757
frac4,2852,0.0083373757
frac4,2853,0.0083373757
frac4,2854,0.0083370181
frac4,2855,0.0083370181
frac4,2856,0.0083370181
frac4,2857,0.0083302725
frac4,2858,0.0083302725
frac4,2859,0.0083285132
frac4,2860,0.0083255917
frac4,2861,0.0083255917
frac4,2862,0.0083255908
frac4,2863,0.0083255908
frac4,2864,0.0083112726
frac4,2865,0.0083112726
frac4,2866,0.0083095487
frac4,2867,0.0083095487
frac4,2868,0.0083095487
frac4,2869,0.0083095487
frac4,2870,0.0083071794
frac4,2871,0.0083071794
frac4,2872,0.0083071794
frac4,2873,0.0083071794
frac4,2874,0.0083066830
frac4,2875,0.0083066830
frac4,2876,0.0083007812
frac4,2877,0.0083007812
frac4,2878,0.0083007812
frac4,2879,0.0083007812
frac4,2880,0.0083007812
frac4,2881,0.0083007812
frac4,2882,0.0083007812
frac4,2883,0.0083007812
frac4,2884,0.0083007812
frac4,2885,0.0083007812
frac4,2886,0.0083007812
frac4,2887,0.0083007812
frac4,2888,0.0083007812
frac4,2889,0.0083007812
frac4,2890,0.0082876645
frac4,2891,0.0082876645
frac4,2892,0.0082874261
frac4,2893,0.0082855932
frac4,2894,0.0082821036
frac4,2895,0.0082821036
frac4,2896,0.0082821017
frac4,2897,0.0082821017
frac4,2898,0.0082774237
frac4,2899,0.0082774237
frac4,2900,0.0082755694
frac4,2901,0.0082687009
frac4,2902,0.0082687009
frac4,2903,0.0082687009
frac4,2904,0.0082687009
frac4,2905,0.0082567465
frac4,2906,0.0082567465
frac4,2907,0.0082566570
frac4,2908,0.0082523124
frac4,2909,0.0082523124
frac4,2910,0.0082523124
frac4,2911,0.0082506025
frac4,2912,0.0082471222
frac4,2913,0.0082407510
frac4,2914,0.0082407510
frac4,2915,0.0082401037
frac4,2916,0.0082382103
frac4,2917,0.0082367333
frac4,2918,0.0082367333
frac4,2919,0.0082367333
frac4,2920,0.0082309293
frac4,2921,0.0082307747
frac4,2922,0.0082266349
frac4,2923,0.0082266349
frac4,2924,0.0082231555
frac4,2925,0.0082163056
frac4,2926,0.0082078539
frac4,2927,0.0082078539
frac4,2928,0.0082069719
frac4,2929,0.0082069719
frac4,2930,0.0082069719
frac4,2931,0.0082069719
frac4,2932,0.0082005467
frac4,2933,0.0082005467
frac4,2934,0.0081986282
frac4,2935,0.0081986282
frac4,2936,0.0081986282
frac4,2937,0.0081986282
frac4,2938,0.0081939679
frac4,2939,0.0081939679
frac4,2940,0.0081939679
frac4,2941,0.0081936680
frac4,2942,0.0081845215
frac4,2943,0.0081806770
frac4,2944,0.0081806770
frac4,2945,0.0081806770
frac4,2946,0.0081806770
frac4,2947,0.0081799682
frac4,2948,0.0081799682
frac4,2949,0.0081799682
frac4,2950,0.0081799682
frac4,2951,0.0081652906
frac4,2952,0.0081652906
frac4,2953,0.0081620803
frac4,2954,0.0081620803
frac4,2955,0.0081620803
frac4,2956,0.0081620803
frac4,2957,0.0081603667
frac4,2958,0.0081603667
frac4,2959,0.0081603657
frac4,2960,0.0081603657
frac4,2961,0.0081552733
frac4,2962,0.0081552733
frac4,2963,0.0081552733
frac4,2964,0.0081546335
frac4,2965,0.0081546335
frac4,2966,0.0081524700
frac4,2967,0.0081472676
frac4,2968,0.0081472676
frac4,2969,0.0081472676
frac4,2970,0.0081441710
frac4,2971,0.0081441710
frac4,2972,0.0081436280
frac4,2973,0.0081436280
frac4,2974,0.0081411675
frac4,2975,0.0081411675
frac4,2976,0.0081411675
frac4,2977,0.0081411675
frac4,2978,0.0081405854
frac4,2979,0.0081398347
frac4,2980,0.0081398347
frac4,2981,0.0081398347
frac4,2982,0.0081398347
frac4,2983,0.0081314398
frac4,2984,0.0081305355
frac4,2985,0.0081305355
frac4,2986,0.0081288423
frac4,2987,0.0081275562
frac4,2988,0.0081275562
frac4,2989,0.0081275562
frac4,2990,0.0081275562
frac4,2991,0.0081212865
frac4,2992,0.0081212865
frac4,2993,0.0081212865
frac4,2994,0.0081212865
frac4,2995,0.0081199193
frac4,2996,0.0081199193
frac4,2997,0.0081199193
frac4,2998,0.0081158942
frac4,2999,0.0081158942
frac4,3000,0.0081140036
frac1,1,0.5000000000
frac1,2,0.0857454538
frac1,3,0.0857454538
frac1,4,0.0857454538
frac1,5,0.0857454538
frac1,6,0.0428466797
frac1,7,0.0428466797
frac1,8,0.0428466797
frac1,9,0.0428466797
frac1,10,0.0428466797
frac1,11,0.0428466797
frac1,12,0.0428466797
frac1,13,0.0428466797
frac1,14,0.0256347656
frac1,15,0.0256347656
frac1,16,0.0256347656
frac1,17,0.0256347656
frac1,18,0.0256347656
frac1,19,0.0256347656
frac1,20,0.0256347656
frac1,21,0.0256347656
frac1,22,0.0170673132
frac1,23,0.0170673132
frac1,24,0.0170673132
frac1,25,0.0170673132
frac1,26,0.0169801116
frac1,27,0.0169801116
frac1,28,0.0169801116
frac1,29,0.0169801116
frac1,30,0.0147272376
frac1,31,0.0147272376
frac1,32,0.0147272376
frac1,33,0.0147272376
frac1,34,0.0147272376
frac1,35,0.0147272376
frac1,36,0.0147272376
frac1,37,0.0147272274
frac1,38,0.0146484375
frac1,39,0.0146484375
frac1,40,0.0146484375
frac1,41,0.0146484375
frac1,42,0.0135213584
frac1,43,0.0135213584
frac1,44,0.0135213584
frac1,45,0.0135213584
frac1,46,0.0135213584
frac1,47,0.0135213584
frac1,48,0.0135213584
frac1,49,0.0135213584
frac1,50,0.0121325850
frac1,51,0.0121325850
frac1,52,0.0121325850
frac1,53,0.0121325850
frac1,54,0.0120954514
frac1,55,0.0120954514
frac1,56,0.0120954514
frac1,57,0.0120954514
frac1,58,0.0090738535
frac1,59,0.0090738535
frac1,60,0.0090738535
frac1,61,0.0090738535
frac1,62,0.0090414882
frac1,63,0.0090414882
frac1,64,0.0090414882
frac1,65,0.0090414882
frac1,66,0.0081542442
frac1,67,0.0081542442
frac1,68,0.0081542442
frac1,69,0.0081542442
frac1,70,0.0081155933
frac1,71,0.0081155933
frac1,72,0.0081155887
frac1,73,0.0081155887
frac1,74,0.0077993562
frac1,75,0.0077993562
frac1,76,0.0077993562
frac1,77,0.0077993562
frac1,78,0.0077673793
frac1,79,0.0077673793
frac1,80,0.0077673793
frac1,81,0.0077673793
frac1,82,0.0073242188
frac1,83,0.0073242188
frac1,84,0.0073242188
frac1,85,0.0073242188
frac1,86,0.0073242188
frac1,87,0.0073242188
frac1,88,0.0073242188
frac1,89,0.0073242188
frac1,90,0.0073242188
frac1,91,0.0073242188
frac1,92,0.0073242188
frac1,93,0.0073242188
frac1,94,0.0073242188
frac1,95,0.0073242188
frac1,96,0.0073242188
frac1,97,0.0073242188
frac1,98,0.0070566535
frac1,99,0.0070566535
frac1,100,0.0070566535
frac1,101,0.0070566535
frac1,102,0.0070566535
frac1,103,0.0070566535
frac1,104,0.0070566535
frac1,105,0.0070566535
frac1,106,0.0065392852
frac1,107,0.0065392852
frac1,108,0.0065392852
frac1,109,0.0065392852
frac1,110,0.0065392852
frac1,111,0.0065392852
frac1,112,0.0065392852
frac1,113,0.0065392852
frac1,114,0.0058593750
frac1,115,0.0058593750
frac1,116,0.0058593750
frac1,117,0.0058593750
frac1,118,0.0058563650
frac1,119,0.0058563650
frac1,120,0.0058563650
frac1,121,0.0058563650
frac1,122,0.0056152344
frac1,123,0.0056152344
frac1,124,0.0056152344
frac1,125,0.0056152344
frac1,126,0.0056152344
frac1,127,0.0056152344
frac1,128,0.0056152344
frac1,129,0.0056152344
frac1,130,0.0053616762
frac1,131,0.0053616762
frac1,132,0.0053616762
frac1,133,0.0053616762
frac1,134,0.0053616762
frac1,135,0.0053616762
frac1,136,0.0053616762
frac1,137,0.0053616762
frac1,138,0.0051526148
frac1,139,0.0051526148
frac1,140,0.0051526148
frac1,141,0.0051526148
frac1,142,0.0051498208
frac1,143,0.0051498208
frac1,144,0.0051498185
frac1,145,0.0051498185
frac1,146,0.0050135851
frac1,147,0.0050135851
frac1,148,0.0050135851
frac1,149,0.0050135851
frac1,150,0.0050010192
frac1,151,0.0050010192
frac1,152,0.0050010192
frac1,153,0.0050010192
frac1,154,0.0048678280
frac1,155,0.0048678280
frac1,156,0.0048678280
frac1,157,0.0048678280
frac1,158,0.0048451801
frac1,159,0.0048451801
frac1,160,0.0048451801
frac1,161,0.0048451801
frac1,162,0.0046298676
frac1,163,0.0046298676
frac1,164,0.0046298676
frac1,165,0.0046298676
frac1,166,0.0046191271
frac1,167,0.0046191271
frac1,168,0.0046191257
frac1,169,0.0046191257
frac1,170,0.0045678616
frac1,171,0.0045678616
frac1,172,0.0045678616
frac1,173,0.0045678616
frac1,174,0.0045635574
frac1,175,0.0045635574
frac1,176,0.0045635574
frac1,177,0.0045635574
frac1,178,0.0043945312
frac1,179,0.0043945312
frac1,180,0.0043945312
frac1,181,0.0043945312
frac1,182,0.0043945312
frac1,183,0.0043945312
frac1,184,0.0043945312
frac1,185,0.0043945312
frac1,186,0.0043945312
frac1,187,0.0043945312
frac1,188,0.0043945312
frac1,189,0.0043945312
frac1,190,0.0043945312
frac1,191,0.0043945312
frac1,192,0.0043945312
frac1,193,0.0043945312
frac1,194,0.0039331820
frac1,195,0.0039331820
frac1,196,0.0039331820
frac1,197,0.0039331820
frac1,198,0.0039062500
frac1,199,0.0039062500
frac1,200,0.0039062500
frac1,201,0.0039062500
frac1,202,0.0038731997
frac1,203,0.0038731997
frac1,204,0.0038731997
frac1,205,0.0038731997
frac1,206,0.0038731997
frac1,207,0.0038731997
frac1,208,0.0038731997
frac1,209,0.0038731997
frac1,210,0.0037841797
frac1,211,0.0037841797
frac1,212,0.0037841797
frac1,213,0.0037841797
frac1,214,0.0037841797
frac1,215,0.0037841797
frac1,216,0.0037841797
frac1,217,0.0037841797
frac1,218,0.0037224621
frac1,219,0.0037224621
frac1,220,0.0037224621
frac1,221,0.0037224621
frac1,222,0.0037199685
frac1,223,0.0037199685
frac1,224,0.0037199685
frac1,225,0.0037199685
frac1,226,0.0035400391
frac1,227,0.0035400391
frac1,228,0.0035400391
frac1,229,0.0035400391
frac1,230,0.0035400391
frac1,231,0.0035400391
frac1,232,0.0035400391
frac1,233,0.0035400391
frac1,234,0.0034934282
frac1,235,0.0034934282
frac1,236,0.0034934282
frac1,237,0.0034934282
frac1,238,0.0034532547
frac1,239,0.0034532547
frac1,240,0.0034532547
frac1,241,0.0034532547
frac1,242,0.0033004330
frac1,243,0.0033004330
frac1,244,0.0033004282
frac1,245,0.0033004282
frac1,246,0.0032958984
frac1,247,0.0032958984
frac1,248,0.0032958984
frac1,249,0.0032958984
frac1,250,0.0031909398
frac1,251,0.0031909398
frac1,252,0.0031909398
frac1,253,0.0031909398
frac1,254,0.0031882524
frac1,255,0.0031882524
frac1,256,0.0031882524
frac1,257,0.0031882524
frac1,258,0.0031738281
frac1,259,0.0031738281
frac1,260,0.0031738281
frac1,261,0.0031738281
frac1,262,0.0031318665
frac1,263,0.0031318665
frac1,264,0.0031318665
frac1,265,0.0031318665
frac1,266,0.0031006346
frac1,267,0.0031006346
frac1,268,0.0031006346
frac1,269,0.0031006346
frac1,270,0.0030976252
frac1,271,0.0030976252
frac1,272,0.0030976252
frac1,273,0.0030976252
frac1,274,0.0029296875
frac1,275,0.0029296875
frac1,276,0.0029296875
frac1,277,0.0029296875
frac1,278,0.0029296875
frac1,279,0.0029296875
frac1,280,0.0029296875
frac1,281,0.0029296875
frac1,282,0.0029220541
frac1,283,0.0029220541
frac1,284,0.0029220541
frac1,285,0.0029220541
frac1,286,0.0029220541
frac1,287,0.0029220541
frac1,288,0.0029220541
frac1,289,0.0029220541
frac1,290,0.0028606451
frac1,291,0.0028606451
frac1,292,0.0028606451
frac1,293,0.0028606451
frac1,294,0.0028528008
frac1,295,0.0028528008
frac1,296,0.0028528008
frac1,297,0.0028528008
frac1,298,0.0027555823
frac1,299,0.0027555823
frac1,300,0.0027555823
frac1,301,0.0027555823
frac1,302,0.0026888226
frac1,303,0.0026888226
frac1,304,0.0026888226
frac1,305,0.0026888226
frac1,306,0.0026855469
frac1,307,0.0026855469
frac1,308,0.0026855469
frac1,309,0.0026855469
frac1,310,0.0026488800
frac1,311,0.0026488800
frac1,312,0.0026488800
frac1,313,0.0026488800
frac1,314,0.0026280698
frac1,315,0.0026280698
frac1,316,0.0026280698
frac1,317,0.0026280698
frac1,318,0.0026204912
frac1,319,0.0026204912
frac1,320,0.0026204912
frac1,321,0.0026204912
frac1,322,0.0026053030
frac1,323,0.0026053030
frac1,324,0.0026053030
frac1,325,0.0026053030
frac1,326,0.0025909364
frac1,327,0.0025909364
frac1,328,0.0025909364
frac1,329,0.0025909364
frac1,330,0.0025634766
frac1,331,0.0025634766
frac1,332,0.0025634766
frac1,333,0.0025634766
frac1,334,0.0025472045
frac1,335,0.0025472045
frac1,336,0.0025472045
frac1,337,0.0025472045
frac1,338,0.0025388766
frac1,339,0.0025388766
frac1,340,0.0025388766
frac1,341,0.0025388766
frac1,342,0.0025361229
frac1,343,0.0025361229
frac1,344,0.0025361229
frac1,345,0.0025361122
frac1,346,0.0025361122
frac1,347,0.0025361122
frac1,348,0.0025361122
frac1,349,0.0025361122
frac1,350,0.0025361122
frac1,351,0.0025361122
frac1,352,0.0025361122
frac1,353,0.0025361122
frac1,354,0.0025303706
frac1,355,0.0025303706
frac1,356,0.0025303706
frac1,357,0.0025303706
frac1,358,0.0025303706
frac1,359,0.0025303706
frac1,360,0.0025303706
frac1,361,0.0025303706
frac1,362,0.0025288113
frac1,363,0.0025288113
frac1,364,0.0025288113
frac1,365,0.0025288113
frac1,366,0.0024414062
frac1,367,0.0024414062
frac1,368,0.0024414062
frac1,369,0.0024414062
frac1,370,0.0024414062
frac1,371,0.0024414062
frac1,372,0.0024414062
frac1,373,0.0024414062
frac1,374,0.0024105629
frac1,375,0.0024105629
frac1,376,0.0024105629
frac1,377,0.0024105629
frac1,378,0.0023879143
frac1,379,0.0023879143
frac1,380,0.0023879143
frac1,381,0.0023879143
frac1,382,0.0023832917
frac1,383,0.0023832917
frac1,384,0.0023832917
frac1,385,0.0023832917
frac1,386,0.0023792400
frac1,387,0.0023792400
frac1,388,0.0023792400
frac1,389,0.0023792400
frac1,390,0.0023462176
frac1,391,0.0023462176
frac1,392,0.0023462176
frac1,393,0.0023462176
frac1,394,0.0023390825
frac1,395,0.0023390825
frac1,396,0.0023390825
frac1,397,0.0023390825
frac1,398,0.0023203872
frac1,399,0.0023203872
frac1,400,0.0023203872
frac1,401,0.0023203872
frac1,402,0.0023193359
frac1,403,0.0023193359
frac1,404,0.0023193359
frac1,405,0.0023193359
frac1,406,0.0023193359
frac1,407,0.0023193359
frac1,408,0.0023193359
frac1,409,0.0023193359
frac1,410,0.0023036592
frac1,411,0.0023036592
frac1,412,0.0023036485
frac1,413,0.0023036485
frac1,414,0.0023036485
frac1,415,0.0023036485
frac1,416,0.0023036485
frac1,417,0.0023036485
frac1,418,0.0023036485
frac1,419,0.0023036485
frac1,420,0.0023036485
frac1,421,0.0023036485
frac1,422,0.0023030411
frac1,423,0.0023030411
frac1,424,0.0023030411
frac1,425,0.0023030411
frac1,426,0.0022821249
frac1,427,0.0022821249
frac1,428,0.0022821249
frac1,429,0.0022821249
frac1,430,0.0022430420
frac1,431,0.0022430420
frac1,432,0.0022430420
frac1,433,0.0022430420
frac1,434,0.0022430420
frac1,435,0.0022430420
frac1,436,0.0022430420
frac1,437,0.0022430420
frac1,438,0.0021992326
frac1,439,0.0021992326
frac1,440,0.0021992326
frac1,441,0.0021992326
frac1,442,0.0021972656
frac1,443,0.0021972656
frac1,444,0.0021972656
frac1,445,0.0021972656
frac1,446,0.0021972656
frac1,447,0.0021972656
frac1,448,0.0021972656
frac1,449,0.0021972656
frac1,450,0.0021972656
frac1,451,0.0021972656
frac1,452,0.0021972656
frac1,453,0.0021972656
frac1,454,0.0021470762
frac1,455,0.0021470762
frac1,456,0.0021470762
frac1,457,0.0021470762
frac1,458,0.0021401693
frac1,459,0.0021401693
frac1,460,0.0021401693
frac1,461,0.0021401693
frac1,462,0.0021401693
frac1,463,0.0021401693
frac1,464,0.0021401693
frac1,465,0.0021401693
frac1,466,0.0021141346
frac1,467,0.0021141346
frac1,468,0.0021141318
frac1,469,0.0021141318
frac1,470,0.0020751953
frac1,471,0.0020751953
frac1,472,0.0020751953
frac1,473,0.0020751953
frac1,474,0.0020751953
frac1,475,0.0020751953
frac1,476,0.0020751953
frac1,477,0.0020751953
frac1,478,0.0020751953
frac1,479,0.0020751953
frac1,480,0.0020751953
frac1,481,0.0020751953
frac1,482,0.0020751953
frac1,483,0.0020751953
frac1,484,0.0020751953
frac1,485,0.0020751953
frac1,486,0.0020751953
frac1,487,0.0020751953
frac1,488,0.0020751953
frac1,489,0.0020751953
frac1,490,0.0020707014
frac1,491,0.0020707014
frac1,492,0.0020707014
frac1,493,0.0020707014
frac1,494,0.0020554222
frac1,495,0.0020554222
frac1,496,0.0020554222
frac1,497,0.0020554222
frac1,498,0.0020168747
frac1,499,0.0020168747
frac1,500,0.0020168747
frac1,501,0.0020168747
frac1,502,0.0020040274
frac1,503,0.0020040274
frac1,504,0.0020040274
frac1,505,0.0020040274
frac1,506,0.0020040274
frac1,507,0.0020040274
frac1,508,0.0020040274
frac1,509,0.0020040274
frac1,510,0.0019854903
frac1,511,0.0019854903
frac1,512,0.0019854903
frac1,513,0.0019854903
frac1,514,0.0019617809
frac1,515,0.0019617809
frac1,516,0.0019617809
frac1,517,0.0019617809
frac1,518,0.0019584929
frac1,519,0.0019584929
frac1,520,0.0019584929
frac1,521,0.0019584929
frac1,522,0.0019354629
frac1,523,0.0019354629
frac1,524,0.0019354629
frac1,525,0.0019354629
frac1,526,0.0019352151
frac1,527,0.0019352151
frac1,528,0.0019352151
frac1,529,0.0019352151
frac1,530,0.0019324531
frac1,531,0.0019324531
frac1,532,0.0019324531
frac1,533,0.0019324531
frac1,534,0.0018812252
frac1,535,0.0018812252
frac1,536,0.0018812252
frac1,537,0.0018812252
frac1,538,0.0018812252
frac1,539,0.0018812252
frac1,540,0.0018812200
frac1,541,0.0018812200
frac1,542,0.0018310547
frac1,543,0.0018310547
frac1,544,0.0018310547
frac1,545,0.0018310547
frac1,546,0.0018158599
frac1,547,0.0018158599
frac1,548,0.0018158599
frac1,549,0.0018158599
frac1,550,0.0018152074
frac1,551,0.0018152074
frac1,552,0.0018152074
frac1,553,0.0018152074
frac1,554,0.0018075295
frac1,555,0.0018075295
frac1,556,0.0018075295
frac1,557,0.0018075295
frac1,558,0.0017844965
frac1,559,0.0017844965
frac1,560,0.0017844965
frac1,561,0.0017844965
frac1,562,0.0017844965
frac1,563,0.0017844965
frac1,564,0.0017844965
frac1,565,0.0017844965
frac1,566,0.0017786621
frac1,567,0.0017786621
frac1,568,0.0017786621
frac1,569,0.0017786621
frac1,570,0.0017615557
frac1,571,0.0017615557
frac1,572,0.0017615557
frac1,573,0.0017615557
frac1,574,0.0017604582
frac1,575,0.0017604582
frac1,576,0.0017604582
frac1,577,0.0017604582
frac1,578,0.0017557795
frac1,579,0.0017557795
frac1,580,0.0017557795
frac1,581,0.0017557795
frac1,582,0.0017552674
frac1,583,0.0017552674
frac1,584,0.0017552644
frac1,585,0.0017552644
frac1,586,0.0017345620
frac1,587,0.0017345620
frac1,588,0.0017345620
frac1,589,0.0017345620
frac1,590,0.0017224480
frac1,591,0.0017224480
frac1,592,0.0017224480
frac1,593,0.0017224480
frac1,594,0.0017104745
frac1,595,0.0017104745
frac1,596,0.0017104745
frac1,597,0.0017104745
frac1,598,0.0017089844
frac1,599,0.0017089844
frac1,600,0.0017089844
frac1,601,0.0017089844
frac1,602,0.0017049529
frac1,603,0.0017049529
frac1,604,0.0017049529
frac1,605,0.0017049529
frac1,606,0.0017013241
frac1,607,0.0017013241
frac1,608,0.0017013241
frac1,609,0.0017013241
frac1,610,0.0016948910
frac1,611,0.0016948910
frac1,612,0.0016948910
frac1,613,0.0016948910
frac1,614,0.0016795252
frac1,615,0.0016795252
frac1,616,0.0016795252
frac1,617,0.0016795252
frac1,618,0.0016748070
frac1,619,0.0016748070
frac1,620,0.0016748070
frac1,621,0.0016748070
frac1,622,0.0016672030
frac1,623,0.0016672030
frac1,624,0.0016672030
frac1,625,0.0016672030
frac1,626,0.0016634779
frac1,627,0.0016634779
frac1,628,0.0016634779
frac1,629,0.0016634779
frac1,630,0.0016500650
frac1,631,0.0016500650
frac1,632,0.0016500650
frac1,633,0.0016500650
frac1,634,0.0016403239
frac1,635,0.0016403239
frac1,636,0.0016403239
frac1,637,0.0016403239
frac1,638,0.0016087077
frac1,639,0.0016087077
frac1,640,0.0016087077
frac1,641,0.0016087077
frac1,642,0.0015970469
frac1,643,0.0015970469
frac1,644,0.0015970469
frac1,645,0.0015970469
frac1,646,0.0015934808
frac1,647,0.0015934808
frac1,648,0.0015934808
frac1,649,0.0015934808
frac1,650,0.0015909076
frac1,651,0.0015909076
frac1,652,0.0015909076
frac1,653,0.0015909076
frac1,654,0.0015902354
frac1,655,0.0015902354
frac1,656,0.0015902354
frac1,657,0.0015902354
frac1,658,0.0015869141
frac1,659,0.0015869141
frac1,660,0.0015869141
frac1,661,0.0015869141
frac1,662,0.0015869141
frac1,663,0.0015869141
frac1,664,0.0015869141
frac1,665,0.0015869141
frac1,666,0.0015869141
frac1,667,0.0015869141
frac1,668,0.0015869141
frac1,669,0.0015869141
frac1,670,0.0015809993
frac1,671,0.0015809993
frac1,672,0.0015809993
frac1,673,0.0015809993
frac1,674,0.0015537341
frac1,675,0.0015537341
frac1,676,0.0015537341
frac1,677,0.0015537341
frac1,678,0.0015535178
frac1,679,0.0015535178
frac1,680,0.0015535178
frac1,681,0.0015535178
frac1,682,0.0015535075
frac1,683,0.0015535075
frac1,684,0.0015535075
frac1,685,0.0015535075
frac1,686,0.0015215036
frac1,687,0.0015215036
frac1,688,0.0015215036
frac1,689,0.0015215036
frac1,690,0.0015215036
frac1,691,0.0015215036
frac1,692,0.0015215036
frac1,693,0.0015215036
frac1,694,0.0014930489
frac1,695,0.0014930489
frac1,696,0.0014930489
frac1,697,0.0014930489
frac1,698,0.0014924101
frac1,699,0.0014924101
frac1,700,0.0014924101
frac1,701,0.0014924101
frac1,702,0.0014648438
frac1,703,0.0014648438
frac1,704,0.0014648438
frac1,705,0.0014648438
frac1,706,0.0014648438
frac1,707,0.0014648438
frac1,708,0.0014648438
frac1,709,0.0014648438
frac1,710,0.0014648438
frac1,711,0.0014648438
frac1,712,0.0014648438
frac1,713,0.0014648438
frac1,714,0.0014631685
frac1,715,0.0014631685
frac1,716,0.0014631685
frac1,717,0.0014631685
frac1,718,0.0014432714
frac1,719,0.0014432714
frac1,720,0.0014432714
frac1,721,0.0014432714
frac1,722,0.0014428411
frac1,723,0.0014428411
frac1,724,0.0014428411
frac1,725,0.0014428411
frac1,726,0.0014301785
frac1,727,0.0014301785
frac1,728,0.0014301785
frac1,729,0.0014301785
frac1,730,0.0014137377
frac1,731,0.0014137377
frac1,732,0.0014137377
frac1,733,0.0014137377
frac1,734,0.0014127451
frac1,735,0.0014127451
frac1,736,0.0014127451
frac1,737,0.0014127451
frac1,738,0.0014114976
frac1,739,0.0014114976
frac1,740,0.0014114976
frac1,741,0.0014114976
frac1,742,0.0013959918
frac1,743,0.0013959918
frac1,744,0.0013959918
frac1,745,0.0013959918
frac1,746,0.0013880305
frac1,747,0.0013880305
frac1,748,0.0013880305
frac1,749,0.0013880305
frac1,750,0.0013810396
frac1,751,0.0013810396
frac1,752,0.0013810396
frac1,753,0.0013810396
frac1,754,0.0013792521
frac1,755,0.0013792521
frac1,756,0.0013792471
frac1,757,0.0013792471
frac1,758,0.0013721028
frac1,759,0.0013721028
frac1,760,0.0013721028
frac1,761,0.0013721028
frac1,762,0.0013604448
frac1,763,0.0013604448
frac1,764,0.0013604448
frac1,765,0.0013604448
frac1,766,0.0013453364
frac1,767,0.0013453364
frac1,768,0.0013453364
frac1,769,0.0013453364
frac1,770,0.0013427756
frac1,771,0.0013427756
frac1,772,0.0013427756
frac1,773,0.0013427756
frac1,774,0.0013427734
frac1,775,0.0013427734
frac1,776,0.0013427734
frac1,777,0.0013427734
frac1,778,0.0013427734
frac1,779,0.0013427734
frac1,780,0.0013427734
frac1,781,0.0013427734
frac1,782,0.0013427734
frac1,783,0.0013427734
frac1,784,0.0013427734
frac1,785,0.0013427734
frac1,786,0.0013427734
frac1,787,0.0013427734
frac1,788,0.0013427734
frac1,789,0.0013427734
frac1,790,0.0013427734
frac1,791,0.0013427734
frac1,792,0.0013427734
frac1,793,0.0013427734
frac1,794,0.0013420290
frac1,795,0.0013420290
frac1,796,0.0013420290
frac1,797,0.0013420290
frac1,798,0.0013420290
frac1,799,0.0013420290
frac1,800,0.0013420290
frac1,801,0.0013420290
frac1,802,0.0013309923
frac1,803,0.0013309923
frac1,804,0.0013309923
frac1,805,0.0013309923
frac1,806,0.0013309923
frac1,807,0.0013309923
frac1,808,0.0013309923
frac1,809,0.0013309923
frac1,810,0.0013254416
frac1,811,0.0013254416
frac1,812,0.0013254416
frac1,813,0.0013254416
frac1,814,0.0013173536
frac1,815,0.0013173536
frac1,816,0.0013173536
frac1,817,0.0013173536
frac1,818,0.0013109446
frac1,819,0.0013109446
frac1,820,0.0013109446
frac1,821,0.0013109446
frac1,822,0.0012997582
frac1,823,0.0012997582
frac1,824,0.0012997582
frac1,825,0.0012997582
frac1,826,0.0012997582
frac1,827,0.0012997582
frac1,828,0.0012997582
frac1,829,0.0012997582
frac1,830,0.0012995298
frac1,831,0.0012995298
frac1,832,0.0012995298
frac1,833,0.0012995298
frac1,834,0.0012965201
frac1,835,0.0012965201
frac1,836,0.0012965201
frac1,837,0.0012965201
frac1,838,0.0012871209
frac1,839,0.0012871209
frac1,840,0.0012871209
frac1,841,0.0012871209
frac1,842,0.0012863729
frac1,843,0.0012863729
frac1,844,0.0012863729
frac1,845,0.0012863729
frac1,846,0.0012849143
frac1,847,0.0012849143
frac1,848,0.0012849143
frac1,849,0.0012849143
frac1,850,0.0012663603
frac1,851,0.0012663603
frac1,852,0.0012663603
frac1,853,0.0012663603
frac1,854,0.0012641615
frac1,855,0.0012641615
frac1,856,0.0012641615
frac1,857,0.0012641615
frac1,858,0.0012546529
frac1,859,0.0012546529
frac1,860,0.0012546529
frac1,861,0.0012546529
frac1,862,0.0012478974
frac1,863,0.0012478974
frac1,864,0.0012478967
frac1,865,0.0012478967
frac1,866,0.0012267464
frac1,867,0.0012267464
frac1,868,0.0012267464
frac1,869,0.0012267464
frac1,870,0.0012238622
frac1,871,0.0012238622
frac1,872,0.0012238622
frac1,873,0.0012238622
frac1,874,0.0012207031
frac1,875,0.0012207031
frac1,876,0.0012207031
frac1,877,0.0012207031
frac1,878,0.0012207031
frac1,879,0.0012207031
frac1,880,0.0012207031
frac1,881,0.0012207031
frac1,882,0.0012207031
frac1,883,0.0012207031
frac1,884,0.0012207031
frac1,885,0.0012207031
frac1,886,0.0012207031
frac1,887,0.0012207031
frac1,888,0.0012207031
frac1,889,0.0012207031
frac1,890,0.0012207031
frac1,891,0.0012207031
frac1,892,0.0012207031
frac1,893,0.0012207031
frac1,894,0.0012207031
frac1,895,0.0012207031
frac1,896,0.0012207031
frac1,897,0.0012207031
frac1,898,0.0012207031
frac1,899,0.0012207031
frac1,900,0.0012207031
frac1,901,0.0012207031
frac1,902,0.0012207031
frac1,903,0.0012207031
frac1,904,0.0012207031
frac1,905,0.0012207031
frac1,906,0.0012207031
frac1,907,0.0012207031
frac1,908,0.0012207031
frac1,909,0.0012207031
frac1,910,0.0012203085
frac1,911,0.0012203085
frac1,912,0.0012203085
frac1,913,0.0012203085
frac1,914,0.0012140361
frac1,915,0.0012140361
frac1,916,0.0012140259
frac1,917,0.0012140259
frac1,918,0.0012140259
frac1,919,0.0012140259
frac1,920,0.0012140259
frac1,921,0.0012140259
frac1,922,0.0012126282
frac1,923,0.0012126282
frac1,924,0.0012126282
frac1,925,0.0012126282
frac1,926,0.0012112351
frac1,927,0.0012112351
frac1,928,0.0012112351
frac1,929,0.0012112351
frac1,930,0.0012041038
frac1,931,0.0012041038
frac1,932,0.0012041038
frac1,933,0.0012041038
frac1,934,0.0012041038
frac1,935,0.0012041038
frac1,936,0.0012041038
frac1,937,0.0012041038
frac1,938,0.0011983233
frac1,939,0.0011983233
frac1,940,0.0011983233
frac1,941,0.0011983233
frac1,942,0.0011927087
frac1,943,0.0011927087
frac1,944,0.0011927068
frac1,945,0.0011927068
frac1,946,0.0011888972
frac1,947,0.0011888972
frac1,948,0.0011888972
frac1,949,0.0011888972
frac1,950,0.0011888972
frac1,951,0.0011888972
frac1,952,0.0011888972
frac1,953,0.0011888972
frac1,954,0.0011872350
frac1,955,0.0011872350
frac1,956,0.0011872350
frac1,957,0.0011872350
frac1,958,0.0011872350
frac1,959,0.0011872350
frac1,960,0.0011872350
frac1,961,0.0011872350
frac1,962,0.0011862923
frac1,963,0.0011862923
frac1,964,0.0011862923
frac1,965,0.0011862923
frac1,966,0.0011802771
frac1,967,0.0011802771
frac1,968,0.0011802771
frac1,969,0.0011802771
frac1,970,0.0011800557
frac1,971,0.0011800557
frac1,972,0.0011800557
frac1,973,0.0011800557
frac1,974,0.0011755228
frac1,975,0.0011755228
frac1,976,0.0011755228
frac1,977,0.0011755228
frac1,978,0.0011753176
frac1,979,0.0011753176
frac1,980,0.0011753176
frac1,981,0.0011753176
frac1,982,0.0011655092
frac1,983,0.0011655092
frac1,984,0.0011655092
frac1,985,0.0011655092
frac1,986,0.0011603753
frac1,987,0.0011603753
frac1,988,0.0011603753
frac1,989,0.0011603753
frac1,990,0.0011588912
frac1,991,0.0011588912
frac1,992,0.0011588912
frac1,993,0.0011588912
frac1,994,0.0011588912
frac1,995,0.0011588912
frac1,996,0.0011588912
frac1,997,0.0011588912
frac1,998,0.0011543168
frac1,999,0.0011543168
frac1,1000,0.0011543168
frac1,1001,0.0011543168
frac1,1002,0.0011504397
frac1,1003,0.0011504397
frac1,1004,0.0011504397
frac1,1005,0.0011504397
frac1,1006,0.0011501011
frac1,1007,0.0011501011
frac1,1008,0.0011501011
frac1,1009,0.0011501011
frac1,1010,0.0011477619
frac1,1011,0.0011477619
frac1,1012,0.0011477619
frac1,1013,0.0011477619
frac1,1014,0.0011426844
frac1,1015,0.0011426844
frac1,1016,0.0011426844
frac1,1017,0.0011426844
frac1,1018,0.0011422038
frac1,1019,0.0011422038
frac1,1020,0.0011422038
frac1,1021,0.0011422038
frac1,1022,0.0011277822
frac1,1023,0.0011277822
frac1,1024,0.0011277822
frac1,1025,0.0011277822
frac1,1026,0.0011125030
frac1,1027,0.0011125030
frac1,1028,0.0011125030
frac1,1029,0.0011125030
frac1,1030,0.0011051910
frac1,1031,0.0011051910
frac1,1032,0.0011051910
frac1,1033,0.0011051910
frac1,1034,0.0011051910
frac1,1035,0.0011051910
frac1,1036,0.0011051910
frac1,1037,0.0011051910
frac1,1038,0.0011045337
frac1,1039,0.0011045337
frac1,1040,0.0011045337
frac1,1041,0.0011045337
frac1,1042,0.0010995927
frac1,1043,0.0010995927
frac1,1044,0.0010995909
frac1,1045,0.0010995909
frac1,1046,0.0010986328
frac1,1047,0.0010986328
frac1,1048,0.0010986328
frac1,1049,0.0010986328
frac1,1050,0.0010986328
frac1,1051,0.0010986328
frac1,1052,0.0010986328
frac1,1053,0.0010986328
frac1,1054,0.0010986328
frac1,1055,0.0010986328
frac1,1056,0.0010986328
frac1,1057,0.0010986328
frac1,1058,0.0010986328
frac1,1059,0.0010986328
frac1,1060,0.0010986328
frac1,1061,0.0010986328
frac1,1062,0.0010986328
frac1,1063,0.0010986328
frac1,1064,0.0010986328
frac1,1065,0.0010986328
frac1,1066,0.0010880614
frac1,1067,0.0010880614
frac1,1068,0.0010880614
frac1,1069,0.0010880614
frac1,1070,0.0010880614
frac1,1071,0.0010880614
frac1,1072,0.0010880614
frac1,1073,0.0010880614
frac1,1074,0.0010880614
frac1,1075,0.0010880614
frac1,1076,0.0010880508
frac1,1077,0.0010880508
frac1,1078,0.0010830363
frac1,1079,0.0010830363
frac1,1080,0.0010830312
frac1,1081,0.0010830312
frac1,1082,0.0010825079
frac1,1083,0.0010825079
frac1,1084,0.0010825079
frac1,1085,0.0010825079
frac1,1086,0.0010758638
frac1,1087,0.0010758638
frac1,1088,0.0010758638
frac1,1089,0.0010758638
frac1,1090,0.0010607037
frac1,1091,0.0010607037
frac1,1092,0.0010607037
frac1,1093,0.0010607037
frac1,1094,0.0010572592
frac1,1095,0.0010572592
frac1,1096,0.0010572592
frac1,1097,0.0010572592
frac1,1098,0.0010526959
frac1,1099,0.0010526959
frac1,1100,0.0010526917
frac1,1101,0.0010526917
frac1,1102,0.0010522008
frac1,1103,0.0010522008
frac1,1104,0.0010522008
frac1,1105,0.0010522008
frac1,1106,0.0010522008
frac1,1107,0.0010522008
frac1,1108,0.0010522008
frac1,1109,0.0010522008
frac1,1110,0.0010495578
frac1,1111,0.0010495578
frac1,1112,0.0010495578
frac1,1113,0.0010495578
frac1,1114,0.0010421489
frac1,1115,0.0010421489
frac1,1116,0.0010421489
frac1,1117,0.0010421489
frac1,1118,0.0010421276
frac1,1119,0.0010421276
frac1,1120,0.0010421276
frac1,1121,0.0010421276
frac1,1122,0.0010421276
frac1,1123,0.0010421276
frac1,1124,0.0010421276
frac1,1125,0.0010421276
frac1,1126,0.0010299087
frac1,1127,0.0010299087
frac1,1128,0.0010299087
frac1,1129,0.0010299087
frac1,1130,0.0010299087
frac1,1131,0.0010299087
frac1,1132,0.0010299087
frac1,1133,0.0010299087
frac1,1134,0.0010197759
frac1,1135,0.0010197759
frac1,1136,0.0010197759
frac1,1137,0.0010197759
frac1,1138,0.0010194182
frac1,1139,0.0010194182
frac1,1140,0.0010194182
frac1,1141,0.0010194182
frac1,1142,0.0010173133
frac1,1143,0.0010173133
frac1,1144,0.0010173133
frac1,1145,0.0010173133
frac1,1146,0.0010173133
frac1,1147,0.0010173133
frac1,1148,0.0010173133
frac1,1149,0.0010173133
frac1,1150,0.0010058263
frac1,1151,0.0010058263
frac1,1152,0.0010058263
frac1,1153,0.0010058263
frac1,1154,0.0010038752
frac1,1155,0.0010038752
frac1,1156,0.0010038752
frac1,1157,0.0010038752
frac1,1158,0.0010028166
frac1,1159,0.0010028166
frac1,1160,0.0010028166
frac1,1161,0.0010028166
frac1,1162,0.0010027563
frac1,1163,0.0010027563
frac1,1164,0.0010027563
frac1,1165,0.0010027563
frac1,1166,0.0009975433
frac1,1167,0.0009975433
frac1,1168,0.0009975433
frac1,1169,0.0009975433
frac1,1170,0.0009865315
frac1,1171,0.0009865315
frac1,1172,0.0009865315
frac1,1173,0.0009865315
frac1,1174,0.0009865315
frac1,1175,0.0009865315
frac1,1176,0.0009865315
frac1,1177,0.0009865315
frac1,1178,0.0009817206
frac1,1179,0.0009817206
frac1,1180,0.0009817163
frac1,1181,0.0009817163
frac1,1182,0.0009765625
frac1,1183,0.0009765625
frac1,1184,0.0009765625
frac1,1185,0.0009765625
frac1,1186,0.0009765625
frac1,1187,0.0009765625
frac1,1188,0.0009765625
frac1,1189,0.0009765625
frac1,1190,0.0009765625
frac1,1191,0.0009765625
frac1,1192,0.0009765625
frac1,1193,0.0009765625
frac1,1194,0.0009765625
frac1,1195,0.0009765625
frac1,1196,0.0009765625
frac1,1197,0.0009765625
frac1,1198,0.0009765625
frac1,1199,0.0009765625
frac1,1200,0.0009765625
frac1,1201,0.0009765625
frac1,1202,0.0009765625
frac1,1203,0.0009765625
frac1,1204,0.0009765625
frac1,1205,0.0009765625
frac1,1206,0.0009765625
frac1,1207,0.0009765625
frac1,1208,0.0009765625
frac1,1209,0.0009765625
frac1,1210,0.0009753209
frac1,1211,0.0009753209
frac1,1212,0.0009753209
frac1,1213,0.0009753209
frac1,1214,0.0009703723
frac1,1215,0.0009703723
frac1,1216,0.0009703621
frac1,1217,0.0009703621
frac1,1218,0.0009703621
frac1,1219,0.0009703621
frac1,1220,0.0009703621
frac1,1221,0.0009703621
frac1,1222,0.0009703621
frac1,1223,0.0009703621
frac1,1224,0.0009703621
frac1,1225,0.0009703621
frac1,1226,0.0009703621
frac1,1227,0.0009703621
frac1,1228,0.0009703621
frac1,1229,0.0009703621
frac1,1230,0.0009658498
frac1,1231,0.0009658498
frac1,1232,0.0009658498
frac1,1233,0.0009658498
frac1,1234,0.0009546876
frac1,1235,0.0009546876
frac1,1236,0.0009546876
frac1,1237,0.0009546876
frac1,1238,0.0009480813
frac1,1239,0.0009480813
frac1,1240,0.0009480760
frac1,1241,0.0009480760
frac1,1242,0.0009461266
frac1,1243,0.0009461266
frac1,1244,0.0009461266
frac1,1245,0.0009461266
frac1,1246,0.0009413532
frac1,1247,0.0009413532
frac1,1248,0.0009413532
frac1,1249,0.0009413532
frac1,1250,0.0009413532
frac1,1251,0.0009413532
frac1,1252,0.0009413532
frac1,1253,0.0009413532
frac1,1254,0.0009400243
frac1,1255,0.0009400243
frac1,1256,0.0009400243
frac1,1257,0.0009400243
frac1,1258,0.0009397971
frac1,1259,0.0009397971
frac1,1260,0.0009397971
frac1,1261,0.0009397971
frac1,1262,0.0009395799
frac1,1263,0.0009395799
frac1,1264,0.0009395799
frac1,1265,0.0009395799
frac1,1266,0.0009395488
frac1,1267,0.0009395488
frac1,1268,0.0009395488
frac1,1269,0.0009395488
frac1,1270,0.0009357398
frac1,1271,0.0009357398
frac1,1272,0.0009357398
frac1,1273,0.0009357398
frac1,1274,0.0009357398
frac1,1275,0.0009357398
frac1,1276,0.0009357398
frac1,1277,0.0009357398
frac1,1278,0.0009356599
frac1,1279,0.0009356599
frac1,1280,0.0009356599
frac1,1281,0.0009356599
frac1,1282,0.0009355007
frac1,1283,0.0009355007
frac1,1284,0.0009355007
frac1,1285,0.0009355007
frac1,1286,0.0009353757
frac1,1287,0.0009353757
frac1,1288,0.0009353757
frac1,1289,0.0009353757
frac1,1290,0.0009353757
frac1,1291,0.0009353757
frac1,1292,0.0009353757
frac1,1293,0.0009353757
frac1,1294,0.0009316537
frac1,1295,0.0009316537
frac1,1296,0.0009316537
frac1,1297,0.0009316537
frac1,1298,0.0009283347
frac1,1299,0.0009283347
frac1,1300,0.0009283347
frac1,1301,0.0009283347
frac1,1302,0.0009283347
frac1,1303,0.0009283347
frac1,1304,0.0009283344
frac1,1305,0.0009283344
frac1,1306,0.0009283344
frac1,1307,0.0009283344
frac1,1308,0.0009283238
frac1,1309,0.0009283238
frac1,1310,0.0009277975
frac1,1311,0.0009277975
frac1,1312,0.0009277975
frac1,1313,0.0009277975
frac1,1314,0.0009273356
frac1,1315,0.0009273356
frac1,1316,0.0009273356
frac1,1317,0.0009273356
frac1,1318,0.0009263998
frac1,1319,0.0009263998
frac1,1320,0.0009263998
frac1,1321,0.0009263998
frac1,1322,0.0009178586
frac1,1323,0.0009178586
frac1,1324,0.0009178586
frac1,1325,0.0009178586
frac1,1326,0.0009165410
frac1,1327,0.0009165410
frac1,1328,0.0009165410
frac1,1329,0.0009165410
frac1,1330,0.0009157062
frac1,1331,0.0009157062
frac1,1332,0.0009157062
frac1,1333,0.0009157062
frac1,1334,0.0009119591
frac1,1335,0.0009119591
frac1,1336,0.0009119591
frac1,1337,0.0009119591
frac1,1338,0.0009042456
frac1,1339,0.0009042456
frac1,1340,0.0009042456
frac1,1341,0.0009042456
frac1,1342,0.0009037399
frac1,1343,0.0009037399
frac1,1344,0.0009037399
frac1,1345,0.0009037399
frac1,1346,0.0009028316
frac1,1347,0.0009028316
frac1,1348,0.0009028316
frac1,1349,0.0009028316
frac1,1350,0.0008978786
frac1,1351,0.0008978786
frac1,1352,0.0008978786
frac1,1353,0.0008978786
frac1,1354,0.0008976682
frac1,1355,0.0008976682
frac1,1356,0.0008976682
frac1,1357,0.0008976682
frac1,1358,0.0008917325
frac1,1359,0.0008917325
frac1,1360,0.0008917325
frac1,1361,0.0008917325
frac1,1362,0.0008884458
frac1,1363,0.0008884458
frac1,1364,0.0008884356
frac1,1365,0.0008884356
frac1,1366,0.0008868167
frac1,1367,0.0008868167
frac1,1368,0.0008868167
frac1,1369,0.0008868167
frac1,1370,0.0008816998
frac1,1371,0.0008816998
frac1,1372,0.0008816998
frac1,1373,0.0008816998
frac1,1374,0.0008774996
frac1,1375,0.0008774996
frac1,1376,0.0008774996
frac1,1377,0.0008774996
frac1,1378,0.0008739923
frac1,1379,0.0008739923
frac1,1380,0.0008739923
frac1,1381,0.0008739923
frac1,1382,0.0008713630
frac1,1383,0.0008713630
frac1,1384,0.0008713630
frac1,1385,0.0008713630
frac1,1386,0.0008691524
frac1,1387,0.0008691524
frac1,1388,0.0008691524
frac1,1389,0.0008691524
frac1,1390,0.0008691524
frac1,1391,0.0008691524
frac1,1392,0.0008691524
frac1,1393,0.0008691524
frac1,1394,0.0008676181
frac1,1395,0.0008676181
frac1,1396,0.0008676181
frac1,1397,0.0008676181
frac1,1398,0.0008670544
frac1,1399,0.0008670544
frac1,1400,0.0008670544
frac1,1401,0.0008670544
frac1,1402,0.0008646155
frac1,1403,0.0008646155
frac1,1404,0.0008646155
frac1,1405,0.0008646155
frac1,1406,0.0008641194
frac1,1407,0.0008641194
frac1,1408,0.0008641194
frac1,1409,0.0008641194
frac1,1410,0.0008615230
frac1,1411,0.0008615230
frac1,1412,0.0008615230
frac1,1413,0.0008615230
frac1,1414,0.0008606256
frac1,1415,0.0008606256
frac1,1416,0.0008606256
frac1,1417,0.0008606256
frac1,1418,0.0008587511
frac1,1419,0.0008587511
frac1,1420,0.0008587511
frac1,1421,0.0008587511
frac1,1422,0.0008544922
frac1,1423,0.0008544922
frac1,1424,0.0008544922
frac1,1425,0.0008544922
frac1,1426,0.0008544922
frac1,1427,0.0008544922
frac1,1428,0.0008544922
frac1,1429,0.0008544922
frac1,1430,0.0008544922
frac1,1431,0.0008544922
frac1,1432,0.0008544922
frac1,1433,0.0008544922
frac1,1434,0.0008544922
frac1,1435,0.0008544922
frac1,1436,0.0008544922
frac1,1437,0.0008544922
frac1,1438,0.0008544922
frac1,1439,0.0008544922
frac1,1440,0.0008544922
frac1,1441,0.0008544922
frac1,1442,0.0008544922
frac1,1443,0.0008544922
frac1,1444,0.0008544922
frac1,1445,0.0008544922
frac1,1446,0.0008544922
frac1,1447,0.0008544922
frac1,1448,0.0008544922
frac1,1449,0.0008544922
frac1,1450,0.0008544922
frac1,1451,0.0008544922
frac1,1452,0.0008544922
frac1,1453,0.0008544922
frac1,1454,0.0008544922
frac1,1455,0.0008544922
frac1,1456,0.0008544922
frac1,1457,0.0008544922
frac1,1458,0.0008544922
frac1,1459,0.0008544922
frac1,1460,0.0008544922
frac1,1461,0.0008544922
frac1,1462,0.0008544922
frac1,1463,0.0008544922
frac1,1464,0.0008544922
frac1,1465,0.0008544922
frac1,1466,0.0008544922
frac1,1467,0.0008544922
frac1,1468,0.0008544922
frac1,1469,0.0008544922
frac1,1470,0.0008541542
frac1,1471,0.0008541542
frac1,1472,0.0008541491
frac1,1473,0.0008541491
frac1,1474,0.0008519888
frac1,1475,0.0008519888
frac1,1476,0.0008519888
frac1,1477,0.0008519888
frac1,1478,0.0008504837
frac1,1479,0.0008504837
frac1,1480,0.0008504837
frac1,1481,0.0008504837
frac1,1482,0.0008445771
frac1,1483,0.0008445771
frac1,1484,0.0008445771
frac1,1485,0.0008445771
frac1,1486,0.0008435539
frac1,1487,0.0008435539
frac1,1488,0.0008435530
frac1,1489,0.0008435530
frac1,1490,0.0008417328
frac1,1491,0.0008417328
frac1,1492,0.0008417328
frac1,1493,0.0008417328
frac1,1494,0.0008417328
frac1,1495,0.0008417328
frac1,1496,0.0008417328
frac1,1497,0.0008417328
frac1,1498,0.0008405447
frac1,1499,0.0008405447
frac1,1500,0.0008405447
frac1,1501,0.0008405447
frac1,1502,0.0008384249
frac1,1503,0.0008384249
frac1,1504,0.0008384249
frac1,1505,0.0008384249
frac1,1506,0.0008384249
frac1,1507,0.0008384249
frac1,1508,0.0008384249
frac1,1509,0.0008384249
frac1,1510,0.0008374214
frac1,1511,0.0008374214
frac1,1512,0.0008374214
frac1,1513,0.0008374214
frac1,1514,0.0008369866
frac1,1515,0.0008369866
frac1,1516,0.0008369866
frac1,1517,0.0008369866
frac1,1518,0.0008364320
frac1,1519,0.0008364320
frac1,1520,0.0008364320
frac1,1521,0.0008364320
frac1,1522,0.0008357404
frac1,1523,0.0008357404
frac1,1524,0.0008357404
frac1,1525,0.0008357404
frac1,1526,0.0008350513
frac1,1527,0.0008350513
frac1,1528,0.0008350513
frac1,1529,0.0008350513
frac1,1530,0.0008337351
frac1,1531,0.0008337351
frac1,1532,0.0008337351
frac1,1533,0.0008337351
frac1,1534,0.0008324811
frac1,1535,0.0008324811
frac1,1536,0.0008324811
frac1,1537,0.0008324811
frac1,1538,0.0008278489
frac1,1539,0.0008278489
frac1,1540,0.0008278489
frac1,1541,0.0008278489
frac1,1542,0.0008241856
frac1,1543,0.0008241856
frac1,1544,0.0008241856
frac1,1545,0.0008241856
frac1,1546,0.0008230725
frac1,1547,0.0008230725
frac1,1548,0.0008230725
frac1,1549,0.0008230725
frac1,1550,0.0008158240
frac1,1551,0.0008158240
frac1,1552,0.0008158240
frac1,1553,0.0008158240
frac1,1554,0.0008158240
frac1,1555,0.0008158240
frac1,1556,0.0008158133
frac1,1557,0.0008158133
frac1,1558,0.0008148403
frac1,1559,0.0008148403
frac1,1560,0.0008148403
frac1,1561,0.0008148403
frac1,1562,0.0008148403
frac1,1563,0.0008148403
frac1,1564,0.0008148403
frac1,1565,0.0008148403
frac1,1566,0.0008138050
frac1,1567,0.0008138050
frac1,1568,0.0008138050
frac1,1569,0.0008138050
frac1,1570,0.0008117253
frac1,1571,0.0008117253
frac1,1572,0.0008117253
frac1,1573,0.0008117253
frac1,1574,0.0008060675
frac1,1575,0.0008060675
frac1,1576,0.0008060675
frac1,1577,0.0008060675
frac1,1578,0.0008060675
frac1,1579,0.0008060675
frac1,1580,0.0008060675
frac1,1581,0.0008060675
frac1,1582,0.0008060675
frac1,1583,0.0008060675
frac1,1584,0.0008060675
frac1,1585,0.0008060675
frac1,1586,0.0008054545
frac1,1587,0.0008054545
frac1,1588,0.0008054545
frac1,1589,0.0008054545
frac1,1590,0.0008054545
frac1,1591,0.0008054545
frac1,1592,0.0008054545
frac1,1593,0.0008054545
frac1,1594,0.0008052670
frac1,1595,0.0008052670
frac1,1596,0.0008052670
frac1,1597,0.0008052670
frac1,1598,0.0008052670
frac1,1599,0.0008052670
frac1,1600,0.0008052670
frac1,1601,0.0008052670
frac1,1602,0.0008052670
frac1,1603,0.0008052670
frac1,1604,0.0008052670
frac1,1605,0.0008052670
frac1,1606,0.0008038153
frac1,1607,0.0008038153
frac1,1608,0.0008038153
frac1,1609,0.0008038153
frac1,1610,0.0008028062
frac1,1611,0.0008028062
frac1,1612,0.0008028062
frac1,1613,0.0008028062
frac1,1614,0.0007966565
frac1,1615,0.0007966565
frac1,1616,0.0007966565
frac1,1617,0.0007966565
frac1,1618,0.0007953470
frac1,1619,0.0007953470
frac1,1620,0.0007953470
frac1,1621,0.0007953470
frac1,1622,0.0007945299
frac1,1623,0.0007945299
frac1,1624,0.0007945299
frac1,1625,0.0007945299
frac1,1626,0.0007945299
frac1,1627,0.0007945299
frac1,1628,0.0007945299
frac1,1629,0.0007945299
frac1,1630,0.0007938095
frac1,1631,0.0007938095
frac1,1632,0.0007938095
frac1,1633,0.0007938095
frac1,1634,0.0007879975
frac1,1635,0.0007879975
frac1,1636,0.0007879975
frac1,1637,0.0007879975
frac1,1638,0.0007855626
frac1,1639,0.0007855626
frac1,1640,0.0007855626
frac1,1641,0.0007855626
frac1,1642,0.0007840395
frac1,1643,0.0007840395
frac1,1644,0.0007840395
frac1,1645,0.0007840395
frac1,1646,0.0007819830
frac1,1647,0.0007819830
frac1,1648,0.0007819830
frac1,1649,0.0007819830
frac1,1650,0.0007818186
frac1,1651,0.0007818186
frac1,1652,0.0007818186
frac1,1653,0.0007818186
frac1,1654,0.0007801321
frac1,1655,0.0007801321
frac1,1656,0.0007801321
frac1,1657,0.0007801321
frac1,1658,0.0007801321
frac1,1659,0.0007801321
frac1,1660,0.0007801321
frac1,1661,0.0007801321
frac1,1662,0.0007799414
frac1,1663,0.0007799414
frac1,1664,0.0007799414
frac1,1665,0.0007799414
frac1,1666,0.0007797330
frac1,1667,0.0007797330
frac1,1668,0.0007797300
frac1,1669,0.0007797300
frac1,1670,0.0007788634
frac1,1671,0.0007788634
frac1,1672,0.0007788634
frac1,1673,0.0007788634
frac1,1674,0.0007754315
frac1,1675,0.0007754315
frac1,1676,0.0007754315
frac1,1677,0.0007754315
frac1,1678,0.0007693353
frac1,1679,0.0007693353
frac1,1680,0.0007693353
frac1,1681,0.0007693353
frac1,1682,0.0007642279
frac1,1683,0.0007642279
frac1,1684,0.0007642227
frac1,1685,0.0007642227
frac1,1686,0.0007623513
frac1,1687,0.0007623513
frac1,1688,0.0007623513
frac1,1689,0.0007623513
frac1,1690,0.0007578743
frac1,1691,0.0007578743
frac1,1692,0.0007578743
frac1,1693,0.0007578743
frac1,1694,0.0007578743
frac1,1695,0.0007578743
frac1,1696,0.0007578743
frac1,1697,0.0007578743
frac1,1698,0.0007575136
frac1,1699,0.0007575136
frac1,1700,0.0007575128
frac1,1701,0.0007575128
frac1,1702,0.0007570254
frac1,1703,0.0007570254
frac1,1704,0.0007570254
frac1,1705,0.0007570254
frac1,1706,0.0007533557
frac1,1707,0.0007533557
frac1,1708,0.0007533538
frac1,1709,0.0007533538
frac1,1710,0.0007474692
frac1,1711,0.0007474692
frac1,1712,0.0007474692
frac1,1713,0.0007474692
frac1,1714,0.0007474692
frac1,1715,0.0007474692
frac1,1716,0.0007474692
frac1,1717,0.0007474692
frac1,1718,0.0007467720
frac1,1719,0.0007467720
frac1,1720,0.0007467715
frac1,1721,0.0007467715
frac1,1722,0.0007444604
frac1,1723,0.0007444604
frac1,1724,0.0007444604
frac1,1725,0.0007444604
frac1,1726,0.0007429763
frac1,1727,0.0007429763
frac1,1728,0.0007429763
frac1,1729,0.0007429763
frac1,1730,0.0007429763
frac1,1731,0.0007429763
frac1,1732,0.0007429763
frac1,1733,0.0007429763
frac1,1734,0.0007429763
frac1,1735,0.0007429763
frac1,1736,0.0007429763
frac1,1737,0.0007429763
frac1,1738,0.0007429763
frac1,1739,0.0007429763
frac1,1740,0.0007429661
frac1,1741,0.0007429661
frac1,1742,0.0007426133
frac1,1743,0.0007426133
frac1,1744,0.0007426133
frac1,1745,0.0007426133
frac1,1746,0.0007397027
frac1,1747,0.0007397027
frac1,1748,0.0007397027
frac1,1749,0.0007397027
frac1,1750,0.0007395148
frac1,1751,0.0007395148
frac1,1752,0.0007395148
frac1,1753,0.0007395148
frac1,1754,0.0007374018
frac1,1755,0.0007374018
frac1,1756,0.0007374018
frac1,1757,0.0007374018
frac1,1758,0.0007324219
frac1,1759,0.0007324219
frac1,1760,0.0007324219
frac1,1761,0.0007324219
frac1,1762,0.0007324219
frac1,1763,0.0007324219
frac1,1764,0.0007324219
frac1,1765,0.0007324219
frac1,1766,0.0007324219
frac1,1767,0.0007324219
frac1,1768,0.0007324219
frac1,1769,0.0007324219
frac1,1770,0.0007324219
frac1,1771,0.0007324219
frac1,1772,0.0007324219
frac1,1773,0.0007324219
frac1,1774,0.0007324219
frac1,1775,0.0007324219
frac1,1776,0.0007324219
frac1,1777,0.0007324219
frac1,1778,0.0007324219
frac1,1779,0.0007324219
frac1,1780,0.0007324219
frac1,1781,0.0007324219
frac1,1782,0.0007324219
frac1,1783,0.0007324219
frac1,1784,0.0007324219
frac1,1785,0.0007324219
frac1,1786,0.0007324219
frac1,1787,0.0007324219
frac1,1788,0.0007324219
frac1,1789,0.0007324219
frac1,1790,0.0007324219
frac1,1791,0.0007324219
frac1,1792,0.0007324219
frac1,1793,0.0007324219
frac1,1794,0.0007324219
frac1,1795,0.0007324219
frac1,1796,0.0007324219
frac1,1797,0.0007324219
frac1,1798,0.0007324219
frac1,1799,0.0007324219
frac1,1800,0.0007324219
frac1,1801,0.0007324219
frac1,1802,0.0007324219
frac1,1803,0.0007324219
frac1,1804,0.0007324219
frac1,1805,0.0007324219
frac1,1806,0.0007324219
frac1,1807,0.0007324219
frac1,1808,0.0007324219
frac1,1809,0.0007324219
frac1,1810,0.0007324219
frac1,1811,0.0007324219
frac1,1812,0.0007324219
frac1,1813,0.0007324219
frac1,1814,0.0007324219
frac1,1815,0.0007324219
frac1,1816,0.0007324219
frac1,1817,0.0007324219
frac1,1818,0.0007324219
frac1,1819,0.0007324219
frac1,1820,0.0007324219
frac1,1821,0.0007324219
frac1,1822,0.0007299790
frac1,1823,0.0007299790
frac1,1824,0.0007299689
frac1,1825,0.0007299689
frac1,1826,0.0007299689
frac1,1827,0.0007299689
frac1,1828,0.0007299689
frac1,1829,0.0007299689
frac1,1830,0.0007299672
frac1,1831,0.0007299672
frac1,1832,0.0007299672
frac1,1833,0.0007299672
frac1,1834,0.0007298589
frac1,1835,0.0007298589
frac1,1836,0.0007298589
frac1,1837,0.0007298589
frac1,1838,0.0007287695
frac1,1839,0.0007287695
frac1,1840,0.0007287695
frac1,1841,0.0007287695
frac1,1842,0.0007287695
frac1,1843,0.0007287695
frac1,1844,0.0007287695
frac1,1845,0.0007287695
frac1,1846,0.0007255477
frac1,1847,0.0007255477
frac1,1848,0.0007255477
frac1,1849,0.0007255477
frac1,1850,0.0007255477
frac1,1851,0.0007255477
frac1,1852,0.0007255477
frac1,1853,0.0007255477
frac1,1854,0.0007188320
frac1,1855,0.0007188320
frac1,1856,0.0007188320
frac1,1857,0.0007188320
frac1,1858,0.0007188320
frac1,1859,0.0007188320
frac1,1860,0.0007188320
frac1,1861,0.0007188320
frac1,1862,0.0007174234
frac1,1863,0.0007174234
frac1,1864,0.0007174234
frac1,1865,0.0007174234
frac1,1866,0.0007174234
frac1,1867,0.0007174234
frac1,1868,0.0007174234
frac1,1869,0.0007174234
frac1,1870,0.0007165670
frac1,1871,0.0007165670
frac1,1872,0.0007165670
frac1,1873,0.0007165670
frac1,1874,0.0007140040
frac1,1875,0.0007140040
frac1,1876,0.0007140040
frac1,1877,0.0007140040
frac1,1878,0.0007135868
frac1,1879,0.0007135868
frac1,1880,0.0007135868
frac1,1881,0.0007135868
frac1,1882,0.0007118441
frac1,1883,0.0007118441
frac1,1884,0.0007118441
frac1,1885,0.0007118441
frac1,1886,0.0007116795
frac1,1887,0.0007116795
frac1,1888,0.0007116795
frac1,1889,0.0007116795
frac1,1890,0.0007088780
frac1,1891,0.0007088780
frac1,1892,0.0007088780
frac1,1893,0.0007088780
frac1,1894,0.0007079660
frac1,1895,0.0007079660
frac1,1896,0.0007079660
frac1,1897,0.0007079660
frac1,1898,0.0007079660
frac1,1899,0.0007079660
frac1,1900,0.0007079660
frac1,1901,0.0007079660
frac1,1902,0.0007066914
frac1,1903,0.0007066914
frac1,1904,0.0007066864
frac1,1905,0.0007066864
frac1,1906,0.0006964175
frac1,1907,0.0006964175
frac1,1908,0.0006964175
frac1,1909,0.0006964175
frac1,1910,0.0006915396
frac1,1911,0.0006915396
frac1,1912,0.0006915396
frac1,1913,0.0006915396
frac1,1914,0.0006886125
frac1,1915,0.0006886125
frac1,1916,0.0006886125
frac1,1917,0.0006886125
frac1,1918,0.0006877881
frac1,1919,0.0006877881
frac1,1920,0.0006877881
frac1,1921,0.0006877881
frac1,1922,0.0006838493
frac1,1923,0.0006838493
frac1,1924,0.0006838493
frac1,1925,0.0006838493
frac1,1926,0.0006822261
frac1,1927,0.0006822261
frac1,1928,0.0006822261
frac1,1929,0.0006822261
frac1,1930,0.0006805938
frac1,1931,0.0006805938
frac1,1932,0.0006805938
frac1,1933,0.0006805938
frac1,1934,0.0006794273
frac1,1935,0.0006794273
frac1,1936,0.0006794273
frac1,1937,0.0006794273
frac1,1938,0.0006792736
frac1,1939,0.0006792736
frac1,1940,0.0006792736
frac1,1941,0.0006792736
frac1,1942,0.0006759282
frac1,1943,0.0006759282
frac1,1944,0.0006759282
frac1,1945,0.0006759282
frac1,1946,0.0006759282
frac1,1947,0.0006759282
frac1,1948,0.0006759282
frac1,1949,0.0006759282
frac1,1950,0.0006756638
frac1,1951,0.0006756638
frac1,1952,0.0006756638
frac1,1953,0.0006756638
frac1,1954,0.0006724722
frac1,1955,0.0006724722
frac1,1956,0.0006724618
frac1,1957,0.0006724618
frac1,1958,0.0006724618
frac1,1959,0.0006724618
frac1,1960,0.0006724618
frac1,1961,0.0006724618
frac1,1962,0.0006724618
frac1,1963,0.0006724618
frac1,1964,0.0006724618
frac1,1965,0.0006724618
frac1,1966,0.0006715348
frac1,1967,0.0006715348
frac1,1968,0.0006715348
frac1,1969,0.0006715348
frac1,1970,0.0006703621
frac1,1971,0.0006703621
frac1,1972,0.0006703621
frac1,1973,0.0006703621
frac1,1974,0.0006696422
frac1,1975,0.0006696422
frac1,1976,0.0006696422
frac1,1977,0.0006696422
frac1,1978,0.0006694996
frac1,1979,0.0006694996
frac1,1980,0.0006694970
frac1,1981,0.0006694970
frac1,1982,0.0006681527
frac1,1983,0.0006681527
frac1,1984,0.0006681527
frac1,1985,0.0006681527
frac1,1986,0.0006681527
frac1,1987,0.0006681527
frac1,1988,0.0006681527
frac1,1989,0.0006681527
frac1,1990,0.0006664931
frac1,1991,0.0006664931
frac1,1992,0.0006664931
frac1,1993,0.0006664931
frac1,1994,0.0006664931
frac1,1995,0.0006664931
frac1,1996,0.0006664931
frac1,1997,0.0006664931
frac1,1998,0.0006646514
frac1,1999,0.0006646514
frac1,2000,0.0006646514
frac1,2001,0.0006646514
frac1,2002,0.0006646514
frac1,2003,0.0006646514
frac1,2004,0.0006646514
frac1,2005,0.0006646514
frac1,2006,0.0006631935
frac1,2007,0.0006631935
frac1,2008,0.0006631935
frac1,2009,0.0006631935
frac1,2010,0.0006591005
frac1,2011,0.0006591005
frac1,2012,0.0006591005
frac1,2013,0.0006591005
frac1,2014,0.0006573026
frac1,2015,0.0006573026
frac1,2016,0.0006573026
frac1,2017,0.0006573026
frac1,2018,0.0006572974
frac1,2019,0.0006572974
frac1,2020,0.0006572974
frac1,2021,0.0006572974
frac1,2022,0.0006530223
frac1,2023,0.0006530223
frac1,2024,0.0006530223
frac1,2025,0.0006530223
frac1,2026,0.0006510725
frac1,2027,0.0006510725
frac1,2028,0.0006510723
frac1,2029,0.0006510723
frac1,2030,0.0006472131
frac1,2031,0.0006472131
frac1,2032,0.0006472131
frac1,2033,0.0006472131
frac1,2034,0.0006472131
frac1,2035,0.0006472131
frac1,2036,0.0006472131
frac1,2037,0.0006472131
frac1,2038,0.0006469947
frac1,2039,0.0006469947
frac1,2040,0.0006469947
frac1,2041,0.0006469947
frac1,2042,0.0006469592
frac1,2043,0.0006469592
frac1,2044,0.0006469592
frac1,2045,0.0006469592
frac1,2046,0.0006469293
frac1,2047,0.0006469293
frac1,2048,0.0006469293
frac1,2049,0.0006469293
frac1,2050,0.0006463244
frac1,2051,0.0006463244
frac1,2052,0.0006463244
frac1,2053,0.0006463244
frac1,2054,0.0006435879
frac1,2055,0.0006435879
frac1,2056,0.0006435879
frac1,2057,0.0006435879
frac1,2058,0.0006425899
frac1,2059,0.0006425899
frac1,2060,0.0006425899
frac1,2061,0.0006425899
frac1,2062,0.0006425899
frac1,2063,0.0006425899
frac1,2064,0.0006425899
frac1,2065,0.0006425899
frac1,2066,0.0006422307
frac1,2067,0.0006422307
frac1,2068,0.0006422307
frac1,2069,0.0006422307
frac1,2070,0.0006397369
frac1,2071,0.0006397369
frac1,2072,0.0006397369
frac1,2073,0.0006397369
frac1,2074,0.0006378171
frac1,2075,0.0006378171
frac1,2076,0.0006378171
frac1,2077,0.0006378171
frac1,2078,0.0006378171
frac1,2079,0.0006378171
frac1,2080,0.0006378164
frac1,2081,0.0006378164
frac1,2082,0.0006376367
frac1,2083,0.0006376367
frac1,2084,0.0006376367
frac1,2085,0.0006376367
frac1,2086,0.0006366666
frac1,2087,0.0006366666
frac1,2088,0.0006366666
frac1,2089,0.0006366666
frac1,2090,0.0006361611
frac1,2091,0.0006361611
frac1,2092,0.0006361611
frac1,2093,0.0006361611
frac1,2094,0.0006361274
frac1,2095,0.0006361274
frac1,2096,0.0006361274
frac1,2097,0.0006361274
frac1,2098,0.0006351245
frac1,2099,0.0006351245
frac1,2100,0.0006351245
frac1,2101,0.0006351245
frac1,2102,0.0006333357
frac1,2103,0.0006333357
frac1,2104,0.0006333357
frac1,2105,0.0006333357
frac1,2106,0.0006328975
frac1,2107,0.0006328975
frac1,2108,0.0006328975
frac1,2109,0.0006328975
frac1,2110,0.0006326374
frac1,2111,0.0006326374
frac1,2112,0.0006326374
frac1,2113,0.0006326374
frac1,2114,0.0006324621
frac1,2115,0.0006324621
frac1,2116,0.0006324621
frac1,2117,0.0006324621
frac1,2118,0.0006323457
frac1,2119,0.0006323457
frac1,2120,0.0006323457
frac1,2121,0.0006323457
frac1,2122,0.0006322265
frac1,2123,0.0006322265
frac1,2124,0.0006322265
frac1,2125,0.0006322265
frac1,2126,0.0006306171
frac1,2127,0.0006306171
frac1,2128,0.0006306171
frac1,2129,0.0006306171
frac1,2130,0.0006299003
frac1,2131,0.0006299003
frac1,2132,0.0006299003
frac1,2133,0.0006299003
frac1,2134,0.0006267428
frac1,2135,0.0006267428
frac1,2136,0.0006267428
frac1,2137,0.0006267428
frac1,2138,0.0006260223
frac1,2139,0.0006260223
frac1,2140,0.0006260223
frac1,2141,0.0006260223
frac1,2142,0.0006259128
frac1,2143,0.0006259128
frac1,2144,0.0006259128
frac1,2145,0.0006259128
frac1,2146,0.0006247492
frac1,2147,0.0006247492
frac1,2148,0.0006247492
frac1,2149,0.0006247492
frac1,2150,0.0006247492
frac1,2151,0.0006247492
frac1,2152,0.0006247492
frac1,2153,0.0006247492
frac1,2154,0.0006237330
frac1,2155,0.0006237330
frac1,2156,0.0006237308
frac1,2157,0.0006237308
frac1,2158,0.0006209366
frac1,2159,0.0006209366
frac1,2160,0.0006209366
frac1,2161,0.0006209366
frac1,2162,0.0006191909
frac1,2163,0.0006191909
frac1,2164,0.0006191909
frac1,2165,0.0006191909
frac1,2166,0.0006186978
frac1,2167,0.0006186978
frac1,2168,0.0006186969
frac1,2169,0.0006186969
frac1,2170,0.0006186950
frac1,2171,0.0006186950
frac1,2172,0.0006186950
frac1,2173,0.0006186950
frac1,2174,0.0006170302
frac1,2175,0.0006170302
frac1,2176,0.0006170199
frac1,2177,0.0006170199
frac1,2178,0.0006147462
frac1,2179,0.0006147462
frac1,2180,0.0006147462
frac1,2181,0.0006147462
frac1,2182,0.0006146092
frac1,2183,0.0006146092
frac1,2184,0.0006146092
frac1,2185,0.0006146092
frac1,2186,0.0006103516
frac1,2187,0.0006103516
frac1,2188,0.0006103516
frac1,2189,0.0006103516
frac1,2190,0.0006103516
frac1,2191,0.0006103516
frac1,2192,0.0006103516
frac1,2193,0.0006103516
frac1,2194,0.0006103516
frac1,2195,0.0006103516
frac1,2196,0.0006103516
frac1,2197,0.0006103516
frac1,2198,0.0006103516
frac1,2199,0.0006103516
frac1,2200,0.0006103516
frac1,2201,0.0006103516
frac1,2202,0.0006103516
frac1,2203,0.0006103516
frac1,2204,0.0006103516
frac1,2205,0.0006103516
frac1,2206,0.0006103516
frac1,2207,0.0006103516
frac1,2208,0.0006103516
frac1,2209,0.0006103516
frac1,2210,0.0006103516
frac1,2211,0.0006103516
frac1,2212,0.0006103516
frac1,2213,0.0006103516
frac1,2214,0.0006103516
frac1,2215,0.0006103516
frac1,2216,0.0006103516
frac1,2217,0.0006103516
frac1,2218,0.0006103516
frac1,2219,0.0006103516
frac1,2220,0.0006103516
frac1,2221,0.0006103516
frac1,2222,0.0006103516
frac1,2223,0.0006103516
frac1,2224,0.0006103516
frac1,2225,0.0006103516
frac1,2226,0.0006103516
frac1,2227,0.0006103516
frac1,2228,0.0006103516
frac1,2229,0.0006103516
frac1,2230,0.0006103516
frac1,2231,0.0006103516
frac1,2232,0.0006103516
frac1,2233,0.0006103516
frac1,2234,0.0006103516
frac1,2235,0.0006103516
frac1,2236,0.0006103516
frac1,2237,0.0006103516
frac1,2238,0.0006103516
frac1,2239,0.0006103516
frac1,2240,0.0006103516
frac1,2241,0.0006103516
frac1,2242,0.0006103516
frac1,2243,0.0006103516
frac1,2244,0.0006103516
frac1,2245,0.0006103516
frac1,2246,0.0006103516
frac1,2247,0.0006103516
frac1,2248,0.0006103516
frac1,2249,0.0006103516
frac1,2250,0.0006103516
frac1,2251,0.0006103516
frac1,2252,0.0006103516
frac1,2253,0.0006103516
frac1,2254,0.0006103516
frac1,2255,0.0006103516
frac1,2256,0.0006103516
frac1,2257,0.0006103516
frac1,2258,0.0006103516
frac1,2259,0.0006103516
frac1,2260,0.0006103516
frac1,2261,0.0006103516
frac1,2262,0.0006103516
frac1,2263,0.0006103516
frac1,2264,0.0006103516
frac1,2265,0.0006103516
frac1,2266,0.0006103516
frac1,2267,0.0006103516
frac1,2268,0.0006103516
frac1,2269,0.0006103516
frac1,2270,0.0006103516
frac1,2271,0.0006103516
frac1,2272,0.0006103516
frac1,2273,0.0006103516
frac1,2274,0.0006103516
frac1,2275,0.0006103516
frac1,2276,0.0006103516
frac1,2277,0.0006103516
frac1,2278,0.0006097020
frac1,2279,0.0006097020
frac1,2280,0.0006097020
frac1,2281,0.0006097020
frac1,2282,0.0006070410
frac1,2283,0.0006070410
frac1,2284,0.0006070410
frac1,2285,0.0006070410
frac1,2286,0.0006070410
frac1,2287,0.0006070410
frac1,2288,0.0006070410
frac1,2289,0.0006070410
frac1,2290,0.0006039056
frac1,2291,0.0006039056
frac1,2292,0.0006039056
frac1,2293,0.0006039056
frac1,2294,0.0006039056
frac1,2295,0.0006039056
frac1,2296,0.0006039056
frac1,2297,0.0006039056
frac1,2298,0.0006038218
frac1,2299,0.0006038218
frac1,2300,0.0006038218
frac1,2301,0.0006038218
frac1,2302,0.0006031649
frac1,2303,0.0006031649
frac1,2304,0.0006031645
frac1,2305,0.0006031645
frac1,2306,0.0006029762
frac1,2307,0.0006029762
frac1,2308,0.0006029756
frac1,2309,0.0006029756
frac1,2310,0.0006000050
frac1,2311,0.0006000050
frac1,2312,0.0006000031
frac1,2313,0.0006000031
frac1,2314,0.0005962221
frac1,2315,0.0005962221
frac1,2316,0.0005962221
frac1,2317,0.0005962221
frac1,2318,0.0005926383
frac1,2319,0.0005926383
frac1,2320,0.0005926383
frac1,2321,0.0005926383
frac1,2322,0.0005926380
frac1,2323,0.0005926380
frac1,2324,0.0005926380
frac1,2325,0.0005926380
frac1,2326,0.0005923898
frac1,2327,0.0005923898
frac1,2328,0.0005923898
frac1,2329,0.0005923898
frac1,2330,0.0005917432
frac1,2331,0.0005917432
frac1,2332,0.0005917430
frac1,2333,0.0005917430
frac1,2334,0.0005902808
frac1,2335,0.0005902808
frac1,2336,0.0005902808
frac1,2337,0.0005902808
frac1,2338,0.0005897183
frac1,2339,0.0005897183
frac1,2340,0.0005897183
frac1,2341,0.0005897183
frac1,2342,0.0005893140
frac1,2343,0.0005893140
frac1,2344,0.0005893140
frac1,2345,0.0005893140
frac1,2346,0.0005892990
frac1,2347,0.0005892990
frac1,2348,0.0005892990
frac1,2349,0.0005892990
frac1,2350,0.0005892625
frac1,2351,0.0005892625
frac1,2352,0.0005892625
frac1,2353,0.0005892625
frac1,2354,0.0005891463
frac1,2355,0.0005891463
frac1,2356,0.0005891419
frac1,2357,0.0005891419
frac1,2358,0.0005863699
frac1,2359,0.0005863699
frac1,2360,0.0005863699
frac1,2361,0.0005863699
frac1,2362,0.0005863699
frac1,2363,0.0005863699
frac1,2364,0.0005863699
frac1,2365,0.0005863699
frac1,2366,0.0005855705
frac1,2367,0.0005855705
frac1,2368,0.0005855705
frac1,2369,0.0005855705
frac1,2370,0.0005850048
frac1,2371,0.0005850048
frac1,2372,0.0005850048
frac1,2373,0.0005850048
frac1,2374,0.0005850048
frac1,2375,0.0005850048
frac1,2376,0.0005850048
frac1,2377,0.0005850048
frac1,2378,0.0005823374
frac1,2379,0.0005823374
frac1,2380,0.0005823374
frac1,2381,0.0005823374
frac1,2382,0.0005815029
frac1,2383,0.0005815029
frac1,2384,0.0005815029
frac1,2385,0.0005815029
frac1,2386,0.0005811453
frac1,2387,0.0005811453
frac1,2388,0.0005811453
frac1,2389,0.0005811453
frac1,2390,0.0005811453
frac1,2391,0.0005811453
frac1,2392,0.0005811453
frac1,2393,0.0005811453
frac1,2394,0.0005802705
frac1,2395,0.0005802705
frac1,2396,0.0005802705
frac1,2397,0.0005802705
frac1,2398,0.0005767312
frac1,2399,0.0005767312
frac1,2400,0.0005767312
frac1,2401,0.0005767312
frac1,2402,0.0005767311
frac1,2403,0.0005767311
frac1,2404,0.0005767311
frac1,2405,0.0005767311
frac1,2406,0.0005756018
frac1,2407,0.0005756018
frac1,2408,0.0005756018
frac1,2409,0.0005756018
frac1,2410,0.0005756018
frac1,2411,0.0005756018
frac1,2412,0.0005756018
frac1,2413,0.0005756018
frac1,2414,0.0005747034
frac1,2415,0.0005747034
frac1,2416,0.0005747034
frac1,2417,0.0005747034
frac1,2418,0.0005717420
frac1,2419,0.0005717420
frac1,2420,0.0005717420
frac1,2421,0.0005717420
frac1,2422,0.0005714162
frac1,2423,0.0005714162
frac1,2424,0.0005714162
frac1,2425,0.0005714162
frac1,2426,0.0005712904
frac1,2427,0.0005712904
frac1,2428,0.0005712904
frac1,2429,0.0005712904
frac1,2430,0.0005707267
frac1,2431,0.0005707267
frac1,2432,0.0005707267
frac1,2433,0.0005707267
frac1,2434,0.0005691953
frac1,2435,0.0005691953
frac1,2436,0.0005691953
frac1,2437,0.0005691953
frac1,2438,0.0005683626
frac1,2439,0.0005683626
frac1,2440,0.0005683626
frac1,2441,0.0005683626
frac1,2442,0.0005661061
frac1,2443,0.0005661061
frac1,2444,0.0005661058
frac1,2445,0.0005661058
frac1,2446,0.0005655895
frac1,2447,0.0005655895
frac1,2448,0.0005655893
frac1,2449,0.0005655893
frac1,2450,0.0005647362
frac1,2451,0.0005647362
frac1,2452,0.0005647362
frac1,2453,0.0005647362
frac1,2454,0.0005645752
frac1,2455,0.0005645752
frac1,2456,0.0005645752
frac1,2457,0.0005645752
frac1,2458,0.0005635037
frac1,2459,0.0005635037
frac1,2460,0.0005635037
frac1,2461,0.0005635037
frac1,2462,0.0005605459
frac1,2463,0.0005605459
frac1,2464,0.0005605459
frac1,2465,0.0005605459
frac1,2466,0.0005605445
frac1,2467,0.0005605445
frac1,2468,0.0005605445
frac1,2469,0.0005605445
frac1,2470,0.0005603301
frac1,2471,0.0005603301
frac1,2472,0.0005603301
frac1,2473,0.0005603301
frac1,2474,0.0005579591
frac1,2475,0.0005579591
frac1,2476,0.0005579591
frac1,2477,0.0005579591
frac1,2478,0.0005568556
frac1,2479,0.0005568556
frac1,2480,0.0005568556
frac1,2481,0.0005568556
frac1,2482,0.0005557796
frac1,2483,0.0005557796
frac1,2484,0.0005557794
frac1,2485,0.0005557794
frac1,2486,0.0005546286
frac1,2487,0.0005546286
frac1,2488,0.0005546283
frac1,2489,0.0005546283
frac1,2490,0.0005544473
frac1,2491,0.0005544473
frac1,2492,0.0005544473
frac1,2493,0.0005544473
frac1,2494,0.0005544473
frac1,2495,0.0005544473
frac1,2496,0.0005544473
frac1,2497,0.0005544473
frac1,2498,0.0005544228
frac1,2499,0.0005544228
frac1,2500,0.0005544228
frac1,2501,0.0005544228
frac1,2502,0.0005544228
frac1,2503,0.0005544228
frac1,2504,0.0005544228
frac1,2505,0.0005544228
frac1,2506,0.0005543982
frac1,2507,0.0005543982
frac1,2508,0.0005543982
frac1,2509,0.0005543982
frac1,2510,0.0005536055
frac1,2511,0.0005536055
frac1,2512,0.0005536055
frac1,2513,0.0005536055
frac1,2514,0.0005531459
frac1,2515,0.0005531459
frac1,2516,0.0005531459
frac1,2517,0.0005531459
frac1,2518,0.0005529523
frac1,2519,0.0005529523
frac1,2520,0.0005529523
frac1,2521,0.0005529523
frac1,2522,0.0005529523
frac1,2523,0.0005529523
frac1,2524,0.0005529523
frac1,2525,0.0005529523
frac1,2526,0.0005522292
frac1,2527,0.0005522292
frac1,2528,0.0005522292
frac1,2529,0.0005522292
frac1,2530,0.0005521352
frac1,2531,0.0005521352
frac1,2532,0.0005521352
frac1,2533,0.0005521352
frac1,2534,0.0005519160
frac1,2535,0.0005519160
frac1,2536,0.0005519160
frac1,2537,0.0005519160
frac1,2538,0.0005515385
frac1,2539,0.0005515385
frac1,2540,0.0005515385
frac1,2541,0.0005515385
frac1,2542,0.0005502237
frac1,2543,0.0005502237
frac1,2544,0.0005502237
frac1,2545,0.0005502237
frac1,2546,0.0005495366
frac1,2547,0.0005495366
frac1,2548,0.0005495366
frac1,2549,0.0005495366
frac1,2550,0.0005495366
frac1,2551,0.0005495366
frac1,2552,0.0005495366
frac1,2553,0.0005495366
frac1,2554,0.0005494952
frac1,2555,0.0005494952
frac1,2556,0.0005494952
frac1,2557,0.0005494952
frac1,2558,0.0005478184
frac1,2559,0.0005478184
frac1,2560,0.0005478184
frac1,2561,0.0005478184
frac1,2562,0.0005475581
frac1,2563,0.0005475581
frac1,2564,0.0005475581
frac1,2565,0.0005475581
frac1,2566,0.0005444161
frac1,2567,0.0005444161
frac1,2568,0.0005444161
frac1,2569,0.0005444161
frac1,2570,0.0005444161
frac1,2571,0.0005444161
frac1,2572,0.0005444161
frac1,2573,0.0005444161
frac1,2574,0.0005434155
frac1,2575,0.0005434155
frac1,2576,0.0005434155
frac1,2577,0.0005434155
frac1,2578,0.0005434155
frac1,2579,0.0005434155
frac1,2580,0.0005434155
frac1,2581,0.0005434155
frac1,2582,0.0005432814
frac1,2583,0.0005432814
frac1,2584,0.0005432814
frac1,2585,0.0005432814
frac1,2586,0.0005432814
frac1,2587,0.0005432814
frac1,2588,0.0005432814
frac1,2589,0.0005432814
frac1,2590,0.0005402146
frac1,2591,0.0005402146
frac1,2592,0.0005402146
frac1,2593,0.0005402146
frac1,2594,0.0005371870
frac1,2595,0.0005371870
frac1,2596,0.0005371870
frac1,2597,0.0005371870
frac1,2598,0.0005352510
frac1,2599,0.0005352510
frac1,2600,0.0005352510
frac1,2601,0.0005352510
frac1,2602,0.0005331700
frac1,2603,0.0005331700
frac1,2604,0.0005331700
frac1,2605,0.0005331700
frac1,2606,0.0005331039
frac1,2607,0.0005331039
frac1,2608,0.0005331039
frac1,2609,0.0005331039
frac1,2610,0.0005326575
frac1,2611,0.0005326575
frac1,2612,0.0005326524
frac1,2613,0.0005326524
frac1,2614,0.0005323518
frac1,2615,0.0005323518
frac1,2616,0.0005323509
frac1,2617,0.0005323509
frac1,2618,0.0005322990
frac1,2619,0.0005322990
frac1,2620,0.0005322990
frac1,2621,0.0005322990
frac1,2622,0.0005315862
frac1,2623,0.0005315862
frac1,2624,0.0005315862
frac1,2625,0.0005315862
frac1,2626,0.0005314553
frac1,2627,0.0005314553
frac1,2628,0.0005314507
frac1,2629,0.0005314507
frac1,2630,0.0005307430
frac1,2631,0.0005307430
frac1,2632,0.0005307430
frac1,2633,0.0005307430
frac1,2634,0.0005302432
frac1,2635,0.0005302432
frac1,2636,0.0005302428
frac1,2637,0.0005302428
frac1,2638,0.0005283356
frac1,2639,0.0005283356
frac1,2640,0.0005283356
frac1,2641,0.0005283356
frac1,2642,0.0005283356
frac1,2643,0.0005283356
frac1,2644,0.0005283356
frac1,2645,0.0005283356
frac1,2646,0.0005278087
frac1,2647,0.0005278087
frac1,2648,0.0005278087
frac1,2649,0.0005278087
frac1,2650,0.0005262105
frac1,2651,0.0005262105
frac1,2652,0.0005262105
frac1,2653,0.0005262105
frac1,2654,0.0005235793
frac1,2655,0.0005235793
frac1,2656,0.0005235793
frac1,2657,0.0005235793
frac1,2658,0.0005234972
frac1,2659,0.0005234972
frac1,2660,0.0005234972
frac1,2661,0.0005234972
frac1,2662,0.0005210346
frac1,2663,0.0005210346
frac1,2664,0.0005210345
frac1,2665,0.0005210345
frac1,2666,0.0005209466
frac1,2667,0.0005209466
frac1,2668,0.0005209466
frac1,2669,0.0005209466
frac1,2670,0.0005199143
frac1,2671,0.0005199143
frac1,2672,0.0005199143
frac1,2673,0.0005199143
frac1,2674,0.0005199143
frac1,2675,0.0005199143
frac1,2676,0.0005199143
frac1,2677,0.0005199143
frac1,2678,0.0005199143
frac1,2679,0.0005199143
frac1,2680,0.0005199143
frac1,2681,0.0005199143
frac1,2682,0.0005199143
frac1,2683,0.0005199143
frac1,2684,0.0005199143
frac1,2685,0.0005199143
frac1,2686,0.0005188254
frac1,2687,0.0005188254
frac1,2688,0.0005188254
frac1,2689,0.0005188254
frac1,2690,0.0005188254
frac1,2691,0.0005188254
frac1,2692,0.0005188254
frac1,2693,0.0005188254
frac1,2694,0.0005187229
frac1,2695,0.0005187229
frac1,2696,0.0005187229
frac1,2697,0.0005187229
frac1,2698,0.0005177662
frac1,2699,0.0005177662
frac1,2700,0.0005177662
frac1,2701,0.0005177662
frac1,2702,0.0005170207
frac1,2703,0.0005170207
frac1,2704,0.0005170207
frac1,2705,0.0005170207
frac1,2706,0.0005165461
frac1,2707,0.0005165461
frac1,2708,0.0005165461
frac1,2709,0.0005165461
frac1,2710,0.0005165461
frac1,2711,0.0005165461
frac1,2712,0.0005165461
frac1,2713,0.0005165461
frac1,2714,0.0005165461
frac1,2715,0.0005165461
frac1,2716,0.0005165461
frac1,2717,0.0005165461
frac1,2718,0.0005156529
frac1,2719,0.0005156529
frac1,2720,0.0005156529
frac1,2721,0.0005156529
frac1,2722,0.0005150784
frac1,2723,0.0005150784
frac1,2724,0.0005150784
frac1,2725,0.0005150784
frac1,2726,0.0005147372
frac1,2727,0.0005147372
frac1,2728,0.0005147372
frac1,2729,0.0005147372
frac1,2730,0.0005137460
frac1,2731,0.0005137460
frac1,2732,0.0005137460
frac1,2733,0.0005137460
frac1,2734,0.0005120250
frac1,2735,0.0005120250
frac1,2736,0.0005120239
frac1,2737,0.0005120239
frac1,2738,0.0005113716
frac1,2739,0.0005113716
frac1,2740,0.0005113716
frac1,2741,0.0005113716
frac1,2742,0.0005109714
frac1,2743,0.0005109714
frac1,2744,0.0005109714
frac1,2745,0.0005109714
frac1,2746,0.0005101159
frac1,2747,0.0005101159
frac1,2748,0.0005101159
frac1,2749,0.0005101159
frac1,2750,0.0005094419
frac1,2751,0.0005094419
frac1,2752,0.0005094419
frac1,2753,0.0005094419
frac1,2754,0.0005090919
frac1,2755,0.0005090919
frac1,2756,0.0005090919
frac1,2757,0.0005090919
frac1,2758,0.0005087631
frac1,2759,0.0005087631
frac1,2760,0.0005087631
frac1,2761,0.0005087631
frac1,2762,0.0005079521
frac1,2763,0.0005079521
frac1,2764,0.0005079521
frac1,2765,0.0005079521
frac1,2766,0.0005079242
frac1,2767,0.0005079242
frac1,2768,0.0005079140
frac1,2769,0.0005079140
frac1,2770,0.0005079140
frac1,2771,0.0005079140
frac1,2772,0.0005079140
frac1,2773,0.0005079140
frac1,2774,0.0005079140
frac1,2775,0.0005079140
frac1,2776,0.0005079140
frac1,2777,0.0005079140
frac1,2778,0.0005079140
frac1,2779,0.0005079140
frac1,2780,0.0005079140
frac1,2781,0.0005079140
frac1,2782,0.0005078661
frac1,2783,0.0005078661
frac1,2784,0.0005078661
frac1,2785,0.0005078661
frac1,2786,0.0005054288
frac1,2787,0.0005054288
frac1,2788,0.0005054288
frac1,2789,0.0005054288
frac1,2790,0.0005054288
frac1,2791,0.0005054288
frac1,2792,0.0005054279
frac1,2793,0.0005054279
frac1,2794,0.0005032392
frac1,2795,0.0005032392
frac1,2796,0.0005032392
frac1,2797,0.0005032392
frac1,2798,0.0005027575
frac1,2799,0.0005027575
frac1,2800,0.0005027555
frac1,2801,0.0005027555
frac1,2802,0.0005022528
frac1,2803,0.0005022528
frac1,2804,0.0005022528
frac1,2805,0.0005022528
frac1,2806,0.0005022528
frac1,2807,0.0005022528
frac1,2808,0.0005022528
frac1,2809,0.0005022528
frac1,2810,0.0005020499
frac1,2811,0.0005020499
frac1,2812,0.0005020499
frac1,2813,0.0005020499
frac1,2814,0.0005015066
frac1,2815,0.0005015066
frac1,2816,0.0005015066
frac1,2817,0.0005015066
frac1,2818,0.0005015063
frac1,2819,0.0005015063
frac1,2820,0.0005015063
frac1,2821,0.0005015063
frac1,2822,0.0005013972
frac1,2823,0.0005013972
frac1,2824,0.0005013972
frac1,2825,0.0005013972
frac1,2826,0.0004998810
frac1,2827,0.0004998810
frac1,2828,0.0004998810
frac1,2829,0.0004998810
frac1,2830,0.0004996704
frac1,2831,0.0004996704
frac1,2832,0.0004996704
frac1,2833,0.0004996704
frac1,2834,0.0004996649
frac1,2835,0.0004996649
frac1,2836,0.0004996649
frac1,2837,0.0004996649
frac1,2838,0.0004994273
frac1,2839,0.0004994273
frac1,2840,0.0004994273
frac1,2841,0.0004994273
frac1,2842,0.0004994273
frac1,2843,0.0004994273
frac1,2844,0.0004994273
frac1,2845,0.0004994273
frac1,2846,0.0004985460
frac1,2847,0.0004985460
frac1,2848,0.0004985460
frac1,2849,0.0004985460
frac1,2850,0.0004980059
frac1,2851,0.0004980059
frac1,2852,0.0004980059
frac1,2853,0.0004980059
frac1,2854,0.0004977831
frac1,2855,0.0004977831
frac1,2856,0.0004977831
frac1,2857,0.0004977831
frac1,2858,0.0004961389
frac1,2859,0.0004961389
frac1,2860,0.0004961389
frac1,2861,0.0004961389
frac1,2862,0.0004961389
frac1,2863,0.0004961389
frac1,2864,0.0004961389
frac1,2865,0.0004961389
frac1,2866,0.0004956725
frac1,2867,0.0004956725
frac1,2868,0.0004956725
frac1,2869,0.0004956725
frac1,2870,0.0004945101
frac1,2871,0.0004945101
frac1,2872,0.0004945101
frac1,2873,0.0004945101
frac1,2874,0.0004944684
frac1,2875,0.0004944684
frac1,2876,0.0004944684
frac1,2877,0.0004944684
frac1,2878,0.0004916191
frac1,2879,0.0004916191
frac1,2880,0.0004916191
frac1,2881,0.0004916191
frac1,2882,0.0004902128
frac1,2883,0.0004902128
frac1,2884,0.0004902128
frac1,2885,0.0004902128
frac1,2886,0.0004888888
frac1,2887,0.0004888888
frac1,2888,0.0004888888
frac1,2889,0.0004888888
frac1,2890,0.0004885644
frac1,2891,0.0004885644
frac1,2892,0.0004885644
frac1,2893,0.0004885644
frac1,2894,0.0004882812
frac1,2895,0.0004882812
frac1,2896,0.0004882812
frac1,2897,0.0004882812
frac1,2898,0.0004882812
frac1,2899,0.0004882812
frac1,2900,0.0004882812
frac1,2901,0.0004882812
frac1,2902,0.0004882812
frac1,2903,0.0004882812
frac1,2904,0.0004882812
frac1,2905,0.0004882812
frac1,2906,0.0004882812
frac1,2907,0.0004882812
frac1,2908,0.0004882812
frac1,2909,0.0004882812
frac1,2910,0.0004882812
frac1,2911,0.0004882812
frac1,2912,0.0004882812
frac1,2913,0.0004882812
frac1,2914,0.0004882812
frac1,2915,0.0004882812
frac1,2916,0.0004882812
frac1,2917,0.0004882812
frac1,2918,0.0004882812
frac1,2919,0.0004882812
frac1,2920,0.0004882812
frac1,2921,0.0004882812
frac1,2922,0.0004882812
frac1,2923,0.0004882812
frac1,2924,0.0004882812
frac1,2925,0.0004882812
frac1,2926,0.0004882812
frac1,2927,0.0004882812
frac1,2928,0.0004882812
frac1,2929,0.0004882812
frac1,2930,0.0004882812
frac1,2931,0.0004882812
frac1,2932,0.0004882812
frac1,2933,0.0004882812
frac1,2934,0.0004882812
frac1,2935,0.0004882812
frac1,2936,0.0004882812
frac1,2937,0.0004882812
frac1,2938,0.0004882812
frac1,2939,0.0004882812
frac1,2940,0.0004882812
frac1,2941,0.0004882812
frac1,2942,0.0004882812
frac1,2943,0.0004882812
frac1,2944,0.0004882812
frac1,2945,0.0004882812
frac1,2946,0.0004882812
frac1,2947,0.0004882812
frac1,2948,0.0004882812
frac1,2949,0.0004882812
frac1,2950,0.0004882812
frac1,2951,0.0004882812
frac1,2952,0.0004882812
frac1,2953,0.0004882812
frac1,2954,0.0004882812
frac1,2955,0.0004882812
frac1,2956,0.0004882812
frac1,2957,0.0004882812
frac1,2958,0.0004882812
frac1,2959,0.0004882812
frac1,2960,0.0004882812
frac1,2961,0.0004882812
frac1,2962,0.0004882812
frac1,2963,0.0004882812
frac1,2964,0.0004882812
frac1,2965,0.0004882812
frac1,2966,0.0004882812
frac1,2967,0.0004882812
frac1,2968,0.0004882812
frac1,2969,0.0004882812
frac1,2970,0.0004882812
frac1,2971,0.0004882812
frac1,2972,0.0004882812
frac1,2973,0.0004882812
frac1,2974,0.0004882812
frac1,2975,0.0004882812
frac1,2976,0.0004882812
frac1,2977,0.0004882812
frac1,2978,0.0004882812
frac1,2979,0.0004882812
frac1,2980,0.0004882812
frac1,2981,0.0004882812
frac1,2982,0.0004882812
frac1,2983,0.0004882812
frac1,2984,0.0004882812
frac1,2985,0.0004882812
frac1,2986,0.0004882812
frac1,2987,0.0004882812
frac1,2988,0.0004882812
frac1,2989,0.0004882812
frac1,2990,0.0004882812
frac1,2991,0.0004882812
frac1,2992,0.0004882812
frac1,2993,0.0004882812
frac1,2994,0.0004882812
frac1,2995,0.0004882812
frac1,2996,0.0004882812
frac1,2997,0.0004882812
frac1,2998,0.0004882812
frac1,2999,0.0004882812
frac1,3000,0.0004882812
